tavg,dewpoint,wetbulb,heat,cool,preciptotal,stnpressure,resultdir,avgspeed,rel_humidity,year,month,weekday,VCTS_week,FG_week,TSRA_week,RA_week,DZ_week,BR_week,HZ_week,preciptotal_sum,week,station
58.5,40.333333333333336,49.333333333333336,6.833333333333333,0.3333333333333333,0.0016666666666666668,29.358333333333334,10.666666666666666,12.049999999999999,52.05402204583368,2007,5.0,3.5,0,0,0,1,0,1,0,0.01,18,1
59.5,40.666666666666664,50.0,6.0,0.5,0.0008333333333333334,29.42,9.5,12.1,50.79392596639585,2007,5.0,3.5,0,0,0,0,0,1,2,0.005,18,2
63.42857142857143,45.857142857142854,54.57142857142857,3.2857142857142856,1.7142857142857142,0.019285714285714288,29.341428571428573,10.714285714285714,8.642857142857142,53.524462876635084,2007,5.0,3.0,0,0,0,1,0,3,1,0.135,19,1
64.57142857142857,45.857142857142854,54.714285714285715,3.0,2.5714285714285716,0.0035714285714285718,29.402857142857147,12.714285714285714,8.357142857142858,51.63099283897111,2007,5.0,3.0,0,0,0,0,0,2,3,0.025,19,2
61.57142857142857,41.0,50.57142857142857,5.571428571428571,2.142857142857143,0.0842857142857143,29.35571428571428,20.0,11.814285714285715,48.00193415028914,2007,5.0,3.0,1,0,0,3,0,2,0,0.5900000000000001,20,1
61.57142857142857,40.57142857142857,50.57142857142857,5.428571428571429,2.0,0.11142857142857142,29.422857142857143,18.714285714285715,10.85714285714286,47.28335249255959,2007,5.0,3.0,0,0,2,3,0,2,0,0.7799999999999999,20,2
67.14285714285714,49.285714285714285,57.57142857142857,1.8571428571428572,4.0,0.15357142857142855,29.38285714285714,16.714285714285715,10.428571428571429,54.99915640990643,2007,5.0,3.0,0,0,1,3,0,2,2,1.075,21,1
68.71428571428571,49.285714285714285,58.0,1.4285714285714286,5.142857142857143,0.065,29.44857142857143,15.428571428571429,10.0,52.336022496701176,2007,5.0,3.0,0,0,1,4,0,3,1,0.455,21,2
72.14285714285714,58.57142857142857,63.857142857142854,0.0,7.142857142857143,0.03642857142857143,29.207142857142856,18.571428571428573,7.542857142857143,62.824094341473334,2007,5.428571428571429,3.0,0,0,2,4,0,4,5,0.255,22,1
74.14285714285714,58.714285714285715,64.71428571428571,0.0,9.142857142857142,0.15214285714285714,29.267142857142858,17.142857142857142,7.585714285714287,59.0725089218736,2007,5.428571428571429,3.0,1,0,1,3,0,5,4,1.065,22,2
66.14285714285714,52.42857142857143,58.857142857142854,2.2857142857142856,3.4285714285714284,0.11714285714285715,29.101428571428574,21.571428571428573,10.885714285714284,62.25373343543371,2007,6.0,3.0,0,0,1,3,0,2,0,0.8200000000000001,23,1
67.85714285714286,52.142857142857146,59.285714285714285,1.8571428571428572,4.714285714285714,0.08357142857142859,29.16142857142857,18.285714285714285,10.342857142857142,58.17566071364219,2007,6.0,3.0,0,0,0,3,0,2,0,0.5850000000000001,23,2
76.28571428571429,55.714285714285715,64.0,0.0,11.285714285714286,0.0007142857142857143,29.325714285714287,10.142857142857142,6.871428571428571,49.047916445663546,2007,6.0,3.0,0,0,0,1,0,0,2,0.005,24,1
77.71428571428571,55.857142857142854,64.28571428571429,0.0,12.714285714285714,0.023571428571428573,29.38428571428571,9.714285714285714,7.1000000000000005,47.18837032382057,2007,6.0,3.0,0,0,0,0,0,0,2,0.165,24,2
71.14285714285714,56.142857142857146,62.57142857142857,0.0,6.142857142857143,0.13214285714285715,29.27857142857143,15.0,10.242857142857144,60.070972103372846,2007,6.0,3.0,0,0,1,5,0,2,2,0.925,25,1
72.14285714285714,56.0,62.857142857142854,0.0,7.142857142857143,0.18571428571428572,29.33857142857143,15.285714285714286,9.057142857142857,58.41821027979014,2007,6.0,3.0,0,0,1,5,0,3,2,1.3,25,2
71.42857142857143,59.0,63.857142857142854,0.2857142857142857,6.714285714285714,0.04428571428571428,29.4,10.285714285714286,8.27142857142857,65.35568083609768,2007,6.142857142857143,3.0,1,0,2,0,0,2,2,0.31,26,1
72.42857142857143,59.57142857142857,64.57142857142857,0.14285714285714285,7.571428571428571,0.05071428571428571,29.452857142857145,9.857142857142858,8.557142857142859,64.51658785815114,2007,6.142857142857143,3.0,0,0,1,1,0,3,2,0.355,26,2
76.14285714285714,59.857142857142854,66.0,0.0,11.142857142857142,0.08,29.252857142857145,20.571428571428573,8.414285714285715,57.34015547295595,2007,7.0,3.0,0,0,2,1,0,3,2,0.56,27,1
76.28571428571429,59.57142857142857,66.14285714285714,0.0,11.285714285714286,0.10714285714285714,29.312857142857144,20.571428571428573,8.271428571428572,56.4645603262568,2007,7.0,3.0,0,0,2,2,0,1,1,0.75,27,2
73.42857142857143,56.42857142857143,62.714285714285715,0.0,8.428571428571429,0.10428571428571429,29.16428571428571,23.142857142857142,9.242857142857144,55.44506347381487,2007,7.0,3.0,2,0,1,1,0,0,1,0.73,28,1
73.71428571428571,56.57142857142857,63.285714285714285,0.0,8.714285714285714,0.045714285714285714,29.224285714285713,20.714285714285715,9.685714285714285,55.22936176964122,2007,7.0,3.0,1,0,1,1,0,0,1,0.32,28,2
71.85714285714286,59.57142857142857,64.14285714285714,0.0,6.857142857142857,0.3157142857142857,29.312857142857144,13.428571428571429,7.6428571428571415,65.40952664156596,2007,7.0,3.0,2,0,1,3,1,4,0,2.21,29,1
72.28571428571429,59.142857142857146,64.28571428571429,0.0,7.285714285714286,0.15857142857142859,29.369999999999997,18.857142857142858,8.77142857142857,63.61480677675303,2007,7.0,3.0,1,0,2,3,0,3,2,1.11,29,2
74.71428571428571,61.285714285714285,66.28571428571429,0.0,9.714285714285714,0.052142857142857144,29.25571428571428,12.428571428571429,7.0,63.533884738541346,2007,7.0,3.0,0,0,1,2,0,3,3,0.365,30,1
75.14285714285714,60.714285714285715,66.14285714285714,0.0,10.142857142857142,0.1335714285714286,29.31142857142857,17.428571428571427,7.3428571428571425,61.47340766088928,2007,7.0,3.0,0,0,1,1,0,3,3,0.935,30,2
78.42857142857143,61.285714285714285,67.85714285714286,0.0,13.428571428571429,0.20857142857142857,29.272857142857138,11.0,5.8,56.536779673791564,2007,7.714285714285714,3.0,0,0,1,2,0,1,3,1.46,31,1
78.71428571428571,61.857142857142854,68.42857142857143,0.0,13.714285714285714,0.14142857142857143,29.328571428571433,12.285714285714286,6.157142857142857,56.98679305931586,2007,7.714285714285714,3.0,1,0,1,2,0,1,0,0.99,31,2
79.28571428571429,69.57142857142857,72.71428571428571,0.0,14.285714285714286,0.2814285714285715,29.194285714285712,13.428571428571429,6.0,72.35723128651742,2007,8.0,3.0,0,0,4,4,0,5,2,1.9700000000000002,32,1
79.85714285714286,69.85714285714286,72.71428571428571,0.0,14.857142857142858,0.12714285714285714,29.25,13.857142857142858,6.0,71.70419462424168,2007,8.0,3.0,1,0,4,1,1,4,4,0.89,32,2
70.57142857142857,60.714285714285715,64.85714285714286,0.14285714285714285,5.714285714285714,0.2942857142857143,29.308571428571433,13.285714285714286,6.957142857142856,71.79127809105472,2007,8.0,3.0,0,0,2,4,0,5,0,2.06,33,1
71.85714285714286,60.714285714285715,65.0,0.0,6.857142857142857,0.4328571428571429,29.361428571428572,13.142857142857142,7.3428571428571425,69.37276291645964,2007,8.0,3.0,0,0,2,4,0,4,0,3.0300000000000002,33,2
75.14285714285714,66.14285714285714,68.71428571428571,0.0,10.142857142857142,0.6021428571428571,29.208571428571428,20.571428571428573,7.285714285714286,73.90656124819165,2007,8.0,3.0,1,0,4,5,0,3,1,4.215,34,1
75.0,66.14285714285714,69.0,0.0,10.0,0.54,29.265714285714285,16.857142857142858,6.814285714285714,74.45812475881316,2007,8.0,3.0,0,0,4,4,0,6,1,3.7800000000000002,34,2
71.57142857142857,58.42857142857143,63.714285714285715,0.0,6.571428571428571,0.0007142857142857143,29.402857142857147,11.142857142857142,7.171428571428572,63.375761486524915,2007,8.285714285714286,3.0,0,0,0,0,0,0,0,0.005,35,1
72.42857142857143,58.285714285714285,64.14285714285714,0.0,7.428571428571429,0.0007142857142857143,29.454285714285714,11.571428571428571,7.185714285714286,61.2149868622195,2007,8.285714285714286,3.0,0,0,0,0,0,0,0,0.005,35,2
75.57142857142857,62.142857142857146,66.85714285714286,0.0,10.571428571428571,0.05357142857142857,29.271428571428576,17.0,8.528571428571428,63.31653235491814,2007,9.0,3.0,0,0,1,3,0,1,2,0.375,36,1
76.85714285714286,61.714285714285715,67.28571428571429,0.0,11.857142857142858,0.10714285714285714,29.32857142857143,17.0,9.171428571428573,59.95487679473046,2007,9.0,3.0,0,0,2,1,0,1,2,0.75,36,2
58.57142857142857,43.0,50.714285714285715,6.428571428571429,0.0,0.052142857142857144,29.35857142857143,19.428571428571427,9.042857142857143,56.70352716719378,2007,9.0,3.0,0,0,0,1,0,1,0,0.365,37,1
59.57142857142857,43.142857142857146,51.714285714285715,5.571428571428571,0.14285714285714285,0.03642857142857143,29.41571428571429,20.285714285714285,9.271428571428572,55.62041489640203,2007,9.0,3.0,0,0,0,1,0,0,0,0.255,37,2
70.28571428571429,53.857142857142854,61.0,0.2857142857142857,5.571428571428571,0.0,29.365714285714287,15.142857142857142,9.428571428571429,56.267298779121504,2007,9.0,3.0,0,0,0,0,0,0,1,0.0,38,1
72.14285714285714,53.857142857142854,61.57142857142857,0.0,7.142857142857143,0.0,29.425714285714285,14.857142857142858,9.214285714285714,52.91093403219772,2007,9.0,3.0,0,0,0,0,0,0,1,0.0,38,2
67.85714285714286,52.57142857142857,59.142857142857146,1.2857142857142858,4.142857142857143,0.07214285714285715,29.34285714285715,15.285714285714286,9.571428571428571,58.655594720065,2007,9.0,3.0,0,0,1,2,0,2,0,0.505,39,1
69.14285714285714,52.42857142857143,59.57142857142857,1.0,5.142857142857143,0.04214285714285715,29.405714285714286,16.0,8.8,56.204393375179095,2007,9.0,3.0,0,0,2,2,0,3,0,0.29500000000000004,39,2
70.28571428571429,60.0,64.14285714285714,0.14285714285714285,5.428571428571429,0.054285714285714284,29.297142857142855,20.0,7.314285714285714,70.35286253302922,2007,10.0,3.0,0,0,0,2,1,2,2,0.38,40,1
72.14285714285714,59.57142857142857,64.57142857142857,0.14285714285714285,7.285714285714286,0.04928571428571429,29.359999999999996,20.0,7.4,65.19088490516327,2007,10.0,3.0,0,0,0,3,0,3,0,0.34500000000000003,40,2
56.285714285714285,43.857142857142854,50.142857142857146,10.0,1.2857142857142858,0.02214285714285714,29.26571428571429,26.428571428571427,9.428571428571429,63.44606569635425,2007,10.0,3.0,0,0,0,2,1,0,0,0.155,41,1
57.57142857142857,43.142857142857146,50.0,8.857142857142858,1.4285714285714286,0.002142857142857143,29.324285714285715,26.857142857142858,9.914285714285715,58.76552437295826,2007,10.0,3.0,0,0,0,1,0,0,0,0.015,41,2
62.57142857142857,50.42857142857143,56.142857142857146,3.7142857142857144,1.2857142857142858,0.09428571428571428,28.982857142857142,19.0,12.671428571428573,65.75789670920139,2007,10.0,3.0,0,0,0,5,1,4,1,0.6599999999999999,42,1
64.0,50.285714285714285,56.285714285714285,2.5714285714285716,1.5714285714285714,0.09785714285714286,29.051428571428573,19.285714285714285,12.428571428571429,62.177056923463034,2007,10.0,3.0,0,0,1,5,1,2,1,0.685,42,2
51.0,39.0,45.42857142857143,14.0,0.0,0.07214285714285715,29.435714285714283,19.285714285714285,9.571428571428571,63.566312364467635,2007,10.0,3.0,0,0,0,4,1,3,0,0.505,43,1
51.42857142857143,40.142857142857146,46.0,13.571428571428571,0.0,0.09642857142857142,29.49571428571429,14.285714285714286,10.085714285714285,65.39862974201195,2007,10.0,3.0,0,0,0,5,1,3,1,0.6749999999999999,43,2
52.0,35.666666666666664,44.666666666666664,13.0,0.0,0.0,29.453333333333333,22.333333333333332,12.4,53.55413541162161,2007,10.0,1.0,0,0,0,0,0,0,0,0.0,44,1
52.333333333333336,35.666666666666664,44.666666666666664,12.666666666666666,0.0,0.0,29.52333333333333,22.333333333333332,11.733333333333334,52.90081281739871,2007,10.0,1.0,0,0,0,0,0,0,0,0.0,44,2
56.5,45.25,51.25,8.5,0.0,0.32125,29.015,21.25,11.399999999999999,66.45202726127667,2008,5.0,4.5,0,0,1,2,0,1,0,1.285,18,1
57.25,45.5,52.0,7.75,0.0,0.18875,29.08,21.0,10.424999999999999,65.6040402826351,2008,5.0,4.5,0,0,1,2,0,2,0,0.755,18,2
55.857142857142854,40.42857142857143,48.57142857142857,9.142857142857142,0.0,0.24428571428571427,29.079999999999995,12.571428571428571,9.985714285714284,57.20483693434979,2008,5.0,3.0,0,0,0,2,0,2,0,1.71,19,1
56.857142857142854,41.142857142857146,49.142857142857146,8.428571428571429,0.2857142857142857,0.31,29.140000000000004,12.142857142857142,10.357142857142858,56.859581494961795,2008,5.0,3.0,0,0,0,2,0,2,0,2.17,19,2
54.285714285714285,41.285714285714285,48.285714285714285,10.714285714285714,0.0,0.03142857142857143,29.125714285714288,20.571428571428573,10.5,62.170118799397905,2008,5.0,3.0,0,0,1,2,1,1,0,0.22,20,1
54.142857142857146,41.714285714285715,48.57142857142857,10.857142857142858,0.0,0.08571428571428573,29.187142857142852,19.857142857142858,9.971428571428572,63.7603334414785,2008,5.0,3.0,0,0,2,3,0,2,0,0.6000000000000001,20,2
54.285714285714285,39.0,47.285714285714285,10.714285714285714,0.0,0.0014285714285714286,29.16714285714286,14.714285714285714,9.299999999999999,56.409332441366324,2008,5.0,3.0,0,0,1,1,0,0,0,0.01,21,1
55.714285714285715,38.714285714285715,47.57142857142857,9.285714285714286,0.0,0.0014285714285714286,29.228571428571424,14.571428571428571,9.200000000000001,52.84180264340209,2008,5.0,3.0,0,0,0,1,0,0,0,0.01,21,2
59.57142857142857,46.57142857142857,53.57142857142857,6.142857142857143,0.7142857142857143,0.12714285714285714,29.279999999999998,14.857142857142858,10.242857142857144,63.201700611217746,2008,5.142857142857143,3.0,0,0,2,3,0,2,0,0.89,22,1
61.42857142857143,47.285714285714285,54.285714285714285,5.285714285714286,1.7142857142857142,0.055,29.337142857142858,14.142857142857142,10.085714285714285,60.19625143769065,2008,5.142857142857143,3.0,0,0,1,4,0,1,1,0.385,22,2
72.14285714285714,63.0,66.28571428571429,0.42857142857142855,7.571428571428571,0.3607142857142857,29.052857142857142,13.285714285714286,11.442857142857145,73.73243374316264,2008,6.0,3.0,0,2,4,5,1,4,1,2.525,23,1
74.28571428571429,64.28571428571429,67.57142857142857,0.0,9.285714285714286,0.36714285714285716,29.11285714285714,14.142857142857142,10.557142857142859,71.68458332593693,2008,6.0,3.0,0,0,2,3,0,4,2,2.5700000000000003,23,2
73.14285714285714,59.142857142857146,64.42857142857143,0.0,8.142857142857142,0.10214285714285716,29.192857142857143,21.857142857142858,10.299999999999999,62.315522475252344,2008,6.0,3.0,0,0,1,4,0,2,0,0.7150000000000001,24,1
73.71428571428571,59.0,65.0,0.0,8.714285714285714,0.09999999999999999,29.259999999999998,22.142857142857142,10.642857142857142,61.10562816545329,2008,6.0,3.0,0,0,2,4,1,1,0,0.7,24,2
68.28571428571429,49.42857142857143,57.714285714285715,0.0,3.2857142857142856,0.037142857142857144,29.22142857142857,24.428571428571427,7.942857142857142,50.97203552343319,2008,6.0,3.0,0,0,2,1,0,0,0,0.26,25,1
69.14285714285714,49.857142857142854,57.857142857142854,0.0,4.142857142857143,0.01,29.274285714285714,23.714285714285715,7.671428571428572,50.270876412609525,2008,6.0,3.0,0,0,0,3,0,0,0,0.07,25,2
72.0,59.57142857142857,64.28571428571429,0.0,7.0,0.10071428571428571,29.187142857142856,21.142857142857142,8.442857142857145,65.40803593206562,2008,6.0,3.0,0,0,1,3,0,2,1,0.705,26,1
72.85714285714286,59.714285714285715,64.57142857142857,0.0,7.857142857142857,0.04857142857142858,29.244285714285713,20.571428571428573,8.82857142857143,63.961092682498084,2008,6.0,3.0,0,0,0,4,0,3,0,0.34,26,2
69.0,53.285714285714285,60.285714285714285,0.42857142857142855,4.428571428571429,0.029285714285714286,29.26,16.428571428571427,9.4,57.60360379800089,2008,6.857142857142857,3.0,0,0,0,1,0,1,0,0.20500000000000002,27,1
70.42857142857143,53.142857142857146,60.714285714285715,0.0,5.428571428571429,0.017857142857142856,29.315714285714286,17.142857142857142,9.242857142857144,54.518556239300224,2008,6.857142857142857,3.0,0,0,0,1,0,0,0,0.125,27,2
75.14285714285714,62.0,66.71428571428571,0.0,10.142857142857142,0.265,29.188571428571432,25.0,10.22857142857143,64.20680224905108,2008,7.0,3.0,0,0,4,4,0,3,0,1.855,28,1
76.0,62.142857142857146,67.14285714285714,0.0,11.0,0.21428571428571427,29.24857142857143,24.571428571428573,9.957142857142857,62.5991825973033,2008,7.0,3.0,0,0,3,4,0,1,0,1.5,28,2
77.14285714285714,64.57142857142857,69.0,0.0,12.142857142857142,0.34142857142857147,29.267142857142854,25.285714285714285,6.8999999999999995,65.87765676173302,2008,7.0,3.0,1,0,1,2,0,1,0,2.39,29,1
78.57142857142857,65.0,69.42857142857143,0.0,13.571428571428571,0.2364285714285714,29.322857142857146,23.857142857142858,7.6,63.89968836666589,2008,7.0,3.0,0,0,1,3,0,1,0,1.6549999999999998,29,2
72.57142857142857,58.285714285714285,64.14285714285714,0.0,7.571428571428571,0.019285714285714288,29.268571428571427,15.714285714285714,7.385714285714286,61.2983265569692,2008,7.0,3.0,0,0,1,1,0,1,0,0.135,30,1
73.42857142857143,58.57142857142857,64.71428571428571,0.0,8.428571428571429,0.027142857142857142,29.325714285714287,20.142857142857142,7.628571428571428,60.14550735896874,2008,7.0,3.0,1,0,1,2,0,1,0,0.19,30,2
77.14285714285714,64.28571428571429,68.57142857142857,0.0,12.142857142857142,0.17714285714285713,29.13857142857143,19.0,7.042857142857143,64.71923391005512,2008,7.428571428571429,3.0,0,0,1,3,0,1,0,1.24,31,1
78.14285714285714,65.14285714285714,69.57142857142857,0.0,13.142857142857142,0.10428571428571429,29.192857142857147,16.0,7.171428571428572,64.42069334597257,2008,7.428571428571429,3.0,0,0,1,2,0,1,0,0.73,31,2
73.42857142857143,59.285714285714285,64.42857142857143,0.0,8.428571428571429,0.34785714285714286,29.252857142857145,21.142857142857142,8.471428571428572,61.43610550775954,2008,8.0,3.0,0,0,1,1,0,1,1,2.435,32,1
73.71428571428571,60.0,65.0,0.0,8.714285714285714,0.09928571428571428,29.307142857142853,20.714285714285715,8.22857142857143,62.422140113350565,2008,8.0,3.0,1,0,1,2,0,2,2,0.695,32,2
70.85714285714286,57.142857142857146,62.42857142857143,0.0,5.857142857142857,0.008571428571428572,29.275714285714287,11.857142857142858,6.428571428571429,62.09413952300911,2008,8.0,3.0,0,0,0,1,0,1,1,0.06,33,1
71.0,57.142857142857146,62.57142857142857,0.0,6.0,0.0014285714285714286,29.332857142857144,12.0,6.857142857142857,61.74928163464032,2008,8.0,3.0,0,0,0,0,0,1,0,0.01,33,2
74.57142857142857,61.857142857142854,66.42857142857143,0.0,9.571428571428571,0.013571428571428571,29.33142857142857,14.571428571428571,8.828571428571427,64.85246424820113,2008,8.0,3.0,0,0,1,1,0,2,1,0.095,34,1
76.0,62.142857142857146,67.14285714285714,0.0,11.0,0.0014285714285714286,29.385714285714283,14.428571428571429,8.5,62.38016601659448,2008,8.0,3.0,1,0,0,2,0,1,1,0.01,34,2
72.0,56.714285714285715,63.0,0.0,7.0,0.014285714285714287,29.284285714285712,15.714285714285714,6.871428571428572,58.99028183003036,2008,8.0,3.0,0,0,0,2,0,2,0,0.1,35,1
72.85714285714286,58.0,64.0,0.0,7.857142857142857,0.0035714285714285718,29.335714285714285,11.0,6.9,60.05838130041525,2008,8.0,3.0,0,0,0,1,0,1,1,0.025,35,2
69.28571428571429,56.714285714285715,61.57142857142857,0.42857142857142855,4.714285714285714,0.41857142857142854,29.274285714285714,18.0,7.671428571428571,65.76412926540276,2008,9.0,3.0,0,0,1,1,0,2,0,2.9299999999999997,36,1
70.42857142857143,57.714285714285715,62.57142857142857,0.2857142857142857,5.714285714285714,0.38714285714285707,29.325714285714287,17.0,7.757142857142858,66.12897054005404,2008,9.0,3.0,0,0,0,4,0,2,0,2.7099999999999995,36,2
64.85714285714286,57.0,60.285714285714285,2.2857142857142856,2.142857142857143,1.3835714285714285,29.259999999999998,25.142857142857142,7.642857142857144,76.22790762988313,2008,9.0,3.0,0,0,0,5,1,5,0,9.684999999999999,37,1
65.57142857142857,57.857142857142854,61.142857142857146,1.8571428571428572,2.4285714285714284,0.9228571428571428,29.318571428571428,25.428571428571427,7.685714285714286,76.93123177897745,2008,9.0,3.0,0,0,0,4,1,5,0,6.46,37,2
65.28571428571429,54.857142857142854,59.142857142857146,1.7142857142857142,2.0,0.0007142857142857143,29.482857142857146,19.285714285714285,5.6,69.2279064945637,2008,9.0,3.0,0,0,0,0,0,1,1,0.005,38,1
67.14285714285714,55.0,59.857142857142854,1.2857142857142858,3.4285714285714284,0.0014285714285714286,29.537142857142857,19.0,6.0,65.45193921012779,2008,9.0,3.0,0,0,0,0,0,1,2,0.01,38,2
68.71428571428571,57.42857142857143,61.857142857142854,0.2857142857142857,4.0,0.028571428571428574,29.484285714285708,9.428571428571429,6.0857142857142845,67.58470207701221,2008,9.0,3.0,0,0,1,0,0,5,3,0.2,39,1
70.28571428571429,56.857142857142854,62.285714285714285,0.0,5.285714285714286,0.0,29.54,9.857142857142858,5.8428571428571425,62.75569728137346,2008,9.0,3.0,0,0,0,0,0,4,3,0.0,39,2
53.142857142857146,43.142857142857146,48.57142857142857,11.857142857142858,0.0,0.12714285714285714,29.321428571428566,21.428571428571427,7.8999999999999995,69.064805284045,2008,9.714285714285714,3.0,0,0,0,3,0,1,0,0.8899999999999999,40,1
54.714285714285715,43.714285714285715,49.57142857142857,10.285714285714286,0.0,0.022857142857142857,29.379999999999995,21.857142857142858,7.828571428571428,66.6647280510541,2008,9.714285714285714,3.0,0,0,0,3,0,1,1,0.16,40,2
61.42857142857143,48.0,54.42857142857143,4.428571428571429,0.8571428571428571,0.14142857142857143,29.39428571428572,17.0,7.528571428571429,62.087502944826646,2008,10.0,3.0,0,0,0,2,0,3,0,0.99,41,1
63.285714285714285,47.714285714285715,54.857142857142854,3.4285714285714284,1.7142857142857142,0.16428571428571428,29.454285714285714,17.428571428571427,7.214285714285714,57.88702046075955,2008,10.0,3.0,0,0,0,2,1,2,0,1.15,41,2
55.57142857142857,43.57142857142857,49.285714285714285,10.0,0.5714285714285714,0.05071428571428571,29.48857142857143,25.571428571428573,7.771428571428571,64.45874763082075,2008,10.0,3.0,0,0,0,3,0,2,0,0.355,42,1
57.142857142857146,44.0,50.42857142857143,8.857142857142858,1.0,0.055714285714285716,29.55,26.142857142857142,7.728571428571428,62.10969277565537,2008,10.0,3.0,0,0,0,2,0,2,0,0.39,42,2
47.714285714285715,37.0,43.42857142857143,17.285714285714285,0.0,0.09571428571428571,29.36714285714286,17.857142857142858,11.057142857142859,66.77163701315062,2008,10.0,3.0,0,0,1,5,1,3,0,0.6699999999999999,43,1
48.42857142857143,37.42857142857143,43.714285714285715,16.571428571428573,0.0,0.14928571428571427,29.43142857142857,18.285714285714285,11.214285714285714,66.2747091277642,2008,10.0,3.0,0,0,0,4,0,2,0,1.045,43,2
45.2,30.4,38.8,19.8,0.0,0.001,29.532,26.8,9.86,55.93743620336593,2008,10.0,2.0,0,0,0,0,0,0,0,0.005,44,1
46.2,30.6,39.0,18.8,0.0,0.001,29.6,26.2,9.52,54.312875838399876,2008,10.0,2.0,0,0,0,1,0,0,1,0.005,44,2
55.0,35.666666666666664,46.333333333333336,10.0,0.0,0.006666666666666667,29.22,27.0,7.533333333333334,48.64995239024279,2009,5.0,5.0,0,0,0,1,0,0,0,0.02,18,1
56.0,37.0,47.333333333333336,9.0,0.0,0.013333333333333334,29.290000000000003,27.333333333333332,7.633333333333334,49.383781762653456,2009,5.0,5.0,0,0,0,1,0,0,0,0.04,18,2
60.142857142857146,44.714285714285715,51.57142857142857,5.142857142857143,0.2857142857142857,0.12642857142857145,29.16142857142857,20.857142857142858,8.314285714285713,57.244362725563235,2009,5.0,3.0,0,0,1,3,0,2,1,0.8850000000000001,19,1
61.57142857142857,45.714285714285715,52.57142857142857,4.0,0.5714285714285714,0.13142857142857142,29.22714285714286,20.285714285714285,8.157142857142857,56.643956218948304,2009,5.0,3.0,0,0,0,3,0,3,2,0.92,19,2
55.714285714285715,41.0,49.42857142857143,9.285714285714286,0.0,0.13428571428571429,29.344285714285714,21.142857142857142,9.828571428571427,59.0614782243598,2009,5.0,3.0,0,0,1,2,0,3,0,0.9400000000000001,20,1
56.857142857142854,41.285714285714285,50.142857142857146,8.142857142857142,0.0,0.25357142857142856,29.40714285714285,17.428571428571427,9.257142857142856,57.61410279946221,2009,5.0,3.0,0,0,2,2,2,3,0,1.775,20,2
64.71428571428571,44.57142857142857,54.142857142857146,2.5714285714285716,2.2857142857142856,0.0007142857142857143,29.418571428571425,14.0,11.214285714285717,48.63239377447626,2009,5.0,3.0,0,0,0,0,0,0,0,0.005,21,1
66.0,44.142857142857146,54.42857142857143,1.8571428571428572,2.857142857142857,0.002142857142857143,29.479999999999993,14.142857142857142,10.257142857142856,45.95843279939319,2009,5.0,3.0,0,0,0,0,0,0,0,0.015,21,2
61.857142857142854,48.42857142857143,54.142857142857146,3.142857142857143,0.0,0.2571428571428571,29.120000000000005,19.142857142857142,7.457142857142856,62.28829323932037,2009,5.0,3.0,0,0,1,3,2,2,1,1.7999999999999998,22,1
63.714285714285715,49.857142857142854,55.714285714285715,2.0,0.7142857142857143,0.20999999999999996,29.175714285714285,19.142857142857142,7.514285714285714,61.34990665862199,2009,5.0,3.0,0,0,1,2,2,2,1,1.4699999999999998,22,2
58.285714285714285,45.285714285714285,51.714285714285715,6.714285714285714,0.0,0.08857142857142859,29.25714285714286,12.0,8.142857142857144,62.3452801752885,2009,6.0,3.0,0,0,1,2,0,2,0,0.6200000000000001,23,1
60.57142857142857,46.285714285714285,53.142857142857146,4.571428571428571,0.14285714285714285,0.12857142857142856,29.314285714285713,11.857142857142858,8.442857142857145,59.868336664767185,2009,6.0,3.0,0,0,1,4,0,2,0,0.8999999999999999,23,2
62.0,51.57142857142857,56.142857142857146,3.142857142857143,0.14285714285714285,0.11571428571428573,29.194285714285712,7.714285714285714,7.385714285714286,69.02629227437212,2009,6.0,3.0,0,0,1,5,1,3,1,0.81,24,1
62.285714285714285,52.57142857142857,56.714285714285715,3.2857142857142856,0.5714285714285714,0.2571428571428571,29.251428571428573,7.571428571428571,8.028571428571428,70.94041071672348,2009,6.0,3.0,0,0,1,4,1,3,3,1.7999999999999998,24,2
71.42857142857143,60.142857142857146,64.85714285714286,0.0,6.428571428571429,0.7614285714285715,29.119999999999997,17.857142857142858,8.057142857142859,68.07733894716998,2009,6.0,3.0,0,0,1,2,0,4,1,5.33,25,1
73.14285714285714,61.0,65.42857142857143,0.0,8.142857142857142,0.2935714285714286,29.177142857142858,18.0,7.642857142857143,66.36472527215616,2009,6.0,3.0,0,0,2,3,0,4,3,2.055,25,2
80.14285714285714,63.857142857142854,69.28571428571429,0.0,15.142857142857142,0.062142857142857146,29.11285714285714,19.0,6.928571428571429,57.909624522409935,2009,6.0,3.0,0,0,2,2,0,0,0,0.435,26,1
80.85714285714286,63.57142857142857,69.42857142857143,0.0,15.857142857142858,0.12714285714285717,29.169999999999998,18.428571428571427,7.1571428571428575,56.00968203961134,2009,6.0,3.0,0,0,1,1,0,1,0,0.8900000000000001,26,2
66.28571428571429,55.0,60.0,1.0,2.2857142857142856,0.03642857142857143,29.14142857142857,29.142857142857142,7.328571428571427,67.4302385041747,2009,6.714285714285714,3.0,0,0,0,3,1,2,1,0.255,27,1
67.71428571428571,55.57142857142857,60.57142857142857,0.5714285714285714,3.2857142857142856,0.024285714285714282,29.194285714285716,24.857142857142858,7.314285714285715,65.62731806672514,2009,6.714285714285714,3.0,0,0,0,2,1,3,1,0.16999999999999998,27,2
70.0,56.42857142857143,62.285714285714285,0.2857142857142857,5.285714285714286,0.05642857142857143,29.282857142857143,19.428571428571427,6.614285714285715,62.78737711216958,2009,7.0,3.0,0,0,1,3,0,2,1,0.395,28,1
72.28571428571429,56.714285714285715,63.142857142857146,0.0,7.285714285714286,0.20142857142857146,29.342857142857145,19.714285714285715,6.442857142857143,58.57605918191952,2009,7.0,3.0,0,0,1,2,0,2,1,1.4100000000000001,28,2
68.28571428571429,52.857142857142854,59.42857142857143,0.2857142857142857,3.5714285714285716,0.09785714285714286,29.27142857142857,24.571428571428573,8.5,58.30957289978158,2009,7.0,3.0,0,0,0,0,0,1,0,0.685,29,1
70.14285714285714,53.285714285714285,60.42857142857143,0.14285714285714285,5.285714285714286,0.07071428571428572,29.32857142857143,20.142857142857142,8.757142857142858,55.679312619163,2009,7.0,3.0,0,0,1,2,0,1,0,0.495,29,2
71.0,58.0,63.0,0.0,6.0,0.027142857142857142,29.187142857142863,19.571428571428573,7.257142857142858,63.671493857746086,2009,7.0,3.0,0,0,1,3,1,2,2,0.19,30,1
72.14285714285714,58.42857142857143,63.857142857142854,0.0,7.142857142857143,0.04214285714285715,29.24142857142857,16.428571428571427,7.885714285714286,62.17244726486437,2009,7.0,3.0,0,0,1,1,0,2,2,0.29500000000000004,30,2
70.85714285714286,56.142857142857146,62.142857142857146,0.0,5.857142857142857,0.005714285714285713,29.15714285714285,26.0,8.428571428571429,60.132348280498015,2009,7.285714285714286,3.0,0,0,0,3,0,0,0,0.039999999999999994,31,1
72.57142857142857,56.857142857142854,63.142857142857146,0.0,7.571428571428571,0.007857142857142858,29.217142857142857,22.0,8.042857142857143,58.12068177557321,2009,7.285714285714286,3.0,0,0,0,1,0,0,0,0.055,31,2
75.0,60.857142857142854,66.28571428571429,0.0,10.0,0.08571428571428573,29.255714285714284,13.428571428571429,8.87142857142857,61.86224185360599,2009,8.0,3.0,0,0,0,2,0,3,0,0.6000000000000001,32,1
76.42857142857143,61.714285714285715,66.85714285714286,0.0,11.428571428571429,0.05571428571428572,29.311428571428568,14.285714285714286,8.700000000000001,60.80807407877127,2009,8.0,3.0,0,0,1,3,0,3,1,0.39000000000000007,32,2
75.42857142857143,60.42857142857143,66.14285714285714,0.0,10.428571428571429,0.09,29.325714285714287,15.142857142857142,7.1000000000000005,59.91292108295706,2009,8.0,3.0,0,0,1,0,0,0,0,0.63,33,1
77.0,61.0,66.71428571428571,0.0,12.0,0.038571428571428576,29.38714285714286,15.714285714285714,7.7,58.16678608224979,2009,8.0,3.0,0,0,1,1,0,0,0,0.27,33,2
69.57142857142857,58.714285714285715,62.857142857142854,0.2857142857142857,4.857142857142857,0.13,29.189999999999998,16.857142857142858,8.799999999999999,68.57165847531837,2009,8.0,3.0,0,0,1,4,0,1,0,0.91,34,1
70.57142857142857,59.57142857142857,63.57142857142857,0.14285714285714285,5.714285714285714,0.1957142857142857,29.25,22.285714285714285,9.700000000000001,68.26075301849173,2009,8.0,3.0,0,0,1,3,0,3,0,1.3699999999999999,34,2
65.14285714285714,56.857142857142854,60.142857142857146,1.4285714285714286,1.5714285714285714,0.3028571428571429,29.322857142857142,12.142857142857142,8.37142857142857,75.08412637541902,2009,8.0,3.0,0,0,0,4,1,4,0,2.12,35,1
65.85714285714286,57.57142857142857,61.142857142857146,1.1428571428571428,2.0,0.2892857142857142,29.381428571428575,12.285714285714286,8.514285714285714,75.09978072794694,2009,8.0,3.0,0,0,0,3,1,3,0,2.0249999999999995,35,2
63.857142857142854,52.142857142857146,57.57142857142857,2.0,0.8571428571428571,0.004285714285714286,29.492857142857144,4.428571428571429,5.028571428571429,65.74169049609738,2009,8.857142857142858,3.0,0,0,0,1,0,3,2,0.03,36,1
65.0,52.857142857142854,58.42857142857143,1.8571428571428572,1.8571428571428572,0.0007142857142857143,29.54571428571429,6.0,5.271428571428571,64.78089461403839,2009,8.857142857142858,3.0,0,0,0,0,0,3,2,0.005,36,2
70.14285714285714,59.57142857142857,63.0,0.0,5.142857142857143,0.0,29.412857142857142,5.0,5.485714285714286,69.34479586351948,2009,9.0,3.0,0,0,0,0,0,6,2,0.0,37,1
70.71428571428571,60.142857142857146,64.14285714285714,0.0,5.714285714285714,0.0014285714285714286,29.467142857142854,6.142857142857143,6.4,69.32880451604409,2009,9.0,3.0,0,1,0,0,0,6,4,0.01,37,2
66.42857142857143,55.142857142857146,59.57142857142857,0.7142857142857143,2.142857142857143,0.10714285714285714,29.408571428571427,9.142857142857142,6.528571428571428,67.30597549707632,2009,9.0,3.0,0,0,0,1,1,2,0,0.75,38,1
67.28571428571429,55.0,60.285714285714285,0.5714285714285714,2.857142857142857,0.06285714285714286,29.465714285714284,7.142857142857143,6.857142857142857,65.03053062379306,2009,9.0,3.0,0,0,0,1,1,1,0,0.44,38,2
65.57142857142857,59.285714285714285,61.857142857142854,1.0,1.5714285714285714,0.034999999999999996,29.254285714285718,19.714285714285715,6.157142857142857,80.2633546326591,2009,9.0,3.0,0,1,1,2,2,7,2,0.245,39,1
66.14285714285714,59.42857142857143,62.0,0.7142857142857143,1.8571428571428572,0.07857142857142858,29.310000000000002,19.857142857142858,6.142857142857143,79.11580903029616,2009,9.0,3.0,0,0,1,2,2,7,1,0.55,39,2
53.142857142857146,43.714285714285715,48.142857142857146,11.857142857142858,0.0,0.17500000000000002,29.115714285714287,21.857142857142858,10.842857142857143,71.05713126036046,2009,9.571428571428571,3.0,0,0,0,4,1,3,0,1.225,40,1
53.57142857142857,43.857142857142854,48.285714285714285,11.428571428571429,0.0,0.1142857142857143,29.175714285714285,21.714285714285715,10.971428571428572,70.07384000745769,2009,9.571428571428571,3.0,0,0,1,4,2,3,0,0.8,40,2
47.57142857142857,38.42857142857143,43.42857142857143,17.428571428571427,0.0,0.08714285714285715,29.27285714285714,24.857142857142858,8.371428571428572,71.28412121198018,2009,10.0,3.0,0,0,0,3,2,3,0,0.61,41,1
48.0,38.57142857142857,43.857142857142854,17.0,0.0,0.08857142857142856,29.337142857142858,20.571428571428573,8.357142857142858,70.43012452632568,2009,10.0,3.0,0,0,0,3,2,3,0,0.62,41,2
43.142857142857146,34.857142857142854,39.57142857142857,21.857142857142858,0.0,0.05499999999999999,29.452857142857145,17.857142857142858,8.242857142857142,72.49631883800454,2009,10.0,3.0,0,0,0,4,4,3,0,0.38499999999999995,42,1
44.0,34.714285714285715,40.0,21.0,0.0,0.065,29.512857142857147,19.142857142857142,8.285714285714286,69.86499265349819,2009,10.0,3.0,0,0,0,5,4,4,1,0.455,42,2
53.42857142857143,45.714285714285715,49.142857142857146,11.571428571428571,0.0,0.32357142857142857,29.14428571428571,18.428571428571427,10.471428571428573,75.5460321964465,2009,10.0,3.0,0,0,0,6,2,4,0,2.265,43,1
54.42857142857143,45.142857142857146,49.285714285714285,10.571428571428571,0.0,0.3542857142857142,29.21,18.714285714285715,10.799999999999999,71.5765289215299,2009,10.0,3.0,0,0,0,5,2,3,0,2.4799999999999995,43,2
51.0,46.0,48.833333333333336,14.0,0.0,0.26416666666666666,29.155,16.666666666666668,9.983333333333333,83.08785503734312,2009,10.0,2.5,0,0,0,4,1,5,2,1.585,44,1
51.833333333333336,46.166666666666664,49.0,13.166666666666666,0.0,0.4166666666666667,29.221666666666668,16.666666666666668,9.983333333333334,81.10379433262821,2009,10.0,2.5,0,0,0,4,2,5,2,2.5,44,2
62.5,52.5,57.0,2.5,0.0,0.52,28.895,23.0,7.75,69.81431765349748,2010,5.0,5.5,0,0,0,2,0,2,0,1.04,17,1
63.5,53.0,57.5,2.0,0.5,0.16,28.96,24.0,7.5,68.7191816021608,2010,5.0,5.5,0,0,0,2,0,1,0,0.32,17,2
55.857142857142854,39.285714285714285,47.57142857142857,9.142857142857142,0.0,0.10785714285714286,29.2,25.0,11.471428571428573,55.124748000001084,2010,5.0,3.0,0,0,2,2,0,1,0,0.755,18,1
56.285714285714285,39.142857142857146,47.714285714285715,9.0,0.2857142857142857,0.125,29.265714285714285,20.714285714285715,11.200000000000003,54.12919360173156,2010,5.0,3.0,0,0,1,2,0,1,0,0.875,18,2
52.857142857142854,43.42857142857143,48.142857142857146,12.142857142857142,0.0,0.3692857142857143,29.37857142857143,12.285714285714286,10.557142857142855,71.59537115373334,2010,5.0,3.0,0,1,2,4,1,3,0,2.585,19,1
55.142857142857146,43.0,49.0,9.857142857142858,0.0,0.2621428571428571,29.43285714285714,13.0,11.0,64.71706911425058,2010,5.0,3.0,0,0,2,4,1,3,1,1.835,19,2
62.42857142857143,50.42857142857143,56.0,4.285714285714286,1.7142857142857142,0.038571428571428576,29.255714285714284,9.0,7.928571428571428,65.40967803153289,2010,5.0,3.0,0,0,0,3,1,2,2,0.27,20,1
62.857142857142854,50.57142857142857,56.0,3.857142857142857,1.7142857142857142,0.08714285714285716,29.314285714285713,8.571428571428571,7.985714285714287,64.97856858438217,2010,5.0,3.0,0,1,0,3,2,2,1,0.6100000000000001,20,2
74.71428571428571,58.285714285714285,64.85714285714286,0.0,9.714285714285714,0.0007142857142857143,29.275714285714283,8.428571428571429,7.328571428571428,56.688976983691376,2010,5.0,3.0,0,0,0,0,0,0,0,0.005,21,1
75.42857142857143,57.714285714285715,64.71428571428571,0.0,10.428571428571429,0.0014285714285714286,29.33142857142857,7.857142857142857,8.128571428571428,54.21886870191738,2010,5.0,3.0,0,0,1,1,0,0,0,0.01,21,2
69.28571428571429,59.0,63.42857142857143,0.14285714285714285,4.428571428571429,0.205,29.065714285714282,22.571428571428573,8.0,70.36566925871684,2010,5.857142857142857,3.0,0,0,2,4,0,4,1,1.4349999999999998,22,1
70.28571428571429,58.714285714285715,63.142857142857146,0.0,5.285714285714286,0.48428571428571426,29.124285714285715,21.428571428571427,7.942857142857143,67.28256042791465,2010,5.857142857142857,3.0,0,0,2,4,0,4,2,3.3899999999999997,22,2
68.71428571428571,58.285714285714285,62.42857142857143,0.7142857142857143,4.428571428571429,0.15142857142857144,29.23428571428571,12.571428571428571,8.3,70.16643871999725,2010,6.0,3.0,0,0,1,4,0,4,0,1.06,23,1
68.85714285714286,57.857142857142854,62.285714285714285,0.5714285714285714,4.428571428571429,0.15857142857142856,29.294285714285714,11.857142857142858,8.071428571428571,68.9542267666831,2010,6.0,3.0,0,0,1,3,0,4,2,1.1099999999999999,23,2
72.85714285714286,62.57142857142857,65.85714285714286,0.0,7.857142857142857,0.20999999999999996,29.247142857142858,17.428571428571427,7.757142857142858,70.942983431973,2010,6.0,3.0,0,0,1,2,0,3,0,1.4699999999999998,24,1
74.0,61.857142857142854,66.0,0.0,9.0,0.22214285714285714,29.30714285714286,17.571428571428573,8.028571428571428,66.64056801703428,2010,6.0,3.0,0,0,1,3,0,2,2,1.555,24,2
76.57142857142857,66.0,69.42857142857143,0.0,11.571428571428571,0.35428571428571426,29.187142857142856,21.142857142857142,8.371428571428572,70.0332835943207,2010,6.0,3.0,0,0,3,1,0,2,0,2.48,25,1
76.85714285714286,65.28571428571429,69.0,0.0,11.857142857142858,0.4585714285714286,29.244285714285713,22.428571428571427,8.357142857142858,67.6563327360594,2010,6.0,3.0,0,0,3,2,0,3,1,3.21,25,2
71.0,55.0,61.857142857142854,0.0,6.0,0.0,29.37142857142857,15.571428571428571,8.27142857142857,57.075611823833206,2010,6.571428571428571,3.0,0,0,0,0,0,0,0,0.0,26,1
72.57142857142857,53.857142857142854,61.714285714285715,0.0,7.571428571428571,0.004285714285714286,29.42571428571429,16.0,8.557142857142855,52.08180842451336,2010,6.571428571428571,3.0,0,0,0,0,0,0,0,0.03,26,2
80.57142857142857,65.14285714285714,70.28571428571429,0.0,15.571428571428571,0.2178571428571429,29.23428571428571,26.285714285714285,8.471428571428572,59.924209007476165,2010,7.0,3.0,0,0,3,3,0,3,0,1.5250000000000001,27,1
81.0,64.14285714285714,69.71428571428571,0.0,16.0,0.1464285714285714,29.29285714285714,21.571428571428573,7.714285714285715,57.05306939949515,2010,7.0,3.0,0,0,1,3,0,2,0,1.025,27,2
79.42857142857143,66.28571428571429,70.71428571428571,0.0,14.428571428571429,0.02785714285714286,29.17142857142857,23.857142857142858,7.842857142857143,64.61918335032702,2010,7.0,3.0,0,0,0,0,0,2,0,0.19500000000000003,28,1
80.28571428571429,65.57142857142857,70.42857142857143,0.0,15.285714285714286,0.04571428571428571,29.23,18.714285714285715,7.785714285714286,61.150523687060044,2010,7.0,3.0,0,0,0,2,0,2,2,0.31999999999999995,28,2
78.57142857142857,67.28571428571429,70.85714285714286,0.0,13.571428571428571,0.9221428571428572,29.215714285714284,21.714285714285715,8.671428571428573,68.76314329015719,2010,7.0,3.0,0,0,2,3,0,2,0,6.455,29,1
79.14285714285714,67.0,71.0,0.0,14.142857142857142,1.2035714285714287,29.274285714285718,20.714285714285715,8.4,66.66821116227231,2010,7.0,3.0,0,1,2,4,0,3,1,8.425,29,2
75.85714285714286,63.857142857142854,68.14285714285714,0.0,10.857142857142858,0.09785714285714286,29.268571428571423,15.571428571428571,6.271428571428571,66.64381255973316,2010,7.142857142857143,3.0,0,0,1,2,0,3,1,0.685,30,1
76.42857142857143,63.42857142857143,68.14285714285714,0.0,11.428571428571429,0.08642857142857142,29.327142857142857,15.0,6.171428571428571,64.39446550560957,2010,7.142857142857143,3.0,0,0,0,2,0,2,3,0.605,30,2
75.57142857142857,66.0,69.28571428571429,0.0,10.571428571428571,0.1207142857142857,29.18428571428571,24.571428571428573,7.185714285714285,72.67443458167978,2010,8.0,3.0,0,0,2,4,0,4,0,0.845,31,1
76.0,65.14285714285714,69.14285714285714,0.0,11.0,0.32857142857142857,29.24285714285714,24.142857142857142,6.700000000000001,69.60081529751416,2010,8.0,3.0,0,0,2,3,0,2,0,2.3,31,2
80.85714285714286,69.0,72.85714285714286,0.0,15.857142857142858,0.057857142857142864,29.154285714285717,20.142857142857142,6.442857142857142,67.3828232027092,2010,8.0,3.0,0,0,0,0,0,2,0,0.405,32,1
81.42857142857143,68.28571428571429,72.71428571428571,0.0,16.428571428571427,0.09571428571428572,29.212857142857143,19.285714285714285,6.857142857142857,64.50042932089244,2010,8.0,3.0,0,0,0,1,0,1,2,0.67,32,2
75.85714285714286,62.57142857142857,67.28571428571429,0.0,10.857142857142858,0.08,29.247142857142855,22.0,7.0857142857142845,63.657781708338284,2010,8.0,3.0,0,0,0,4,0,1,0,0.56,33,1
76.14285714285714,61.714285714285715,67.0,0.0,11.142857142857142,0.095,29.30142857142857,21.428571428571427,7.257142857142857,61.278204711987925,2010,8.0,3.0,0,0,0,4,0,1,0,0.665,33,2
74.14285714285714,57.714285714285715,64.0,0.0,9.142857142857142,0.0007142857142857143,29.369999999999997,15.0,8.542857142857141,57.05803978613199,2010,8.0,3.0,0,0,0,0,0,0,0,0.005,34,1
74.28571428571429,56.0,63.142857142857146,0.0,9.285714285714286,0.0007142857142857143,29.427142857142858,17.142857142857142,7.357142857142857,53.59380062416135,2010,8.0,3.0,0,0,0,0,0,0,0,0.005,34,2
71.57142857142857,59.57142857142857,64.14285714285714,1.2857142857142858,7.857142857142857,0.2478571428571428,29.22,22.857142857142858,11.471428571428572,66.33654005519303,2010,8.714285714285714,3.0,0,0,0,3,0,1,0,1.7349999999999997,35,1
72.28571428571429,58.142857142857146,63.714285714285715,0.7142857142857143,8.0,0.15285714285714283,29.28714285714286,22.857142857142858,10.5,61.484731653884026,2010,8.714285714285714,3.0,0,0,1,3,0,2,0,1.0699999999999998,35,2
66.0,50.714285714285715,57.57142857142857,1.5714285714285714,2.5714285714285716,0.034999999999999996,29.25142857142857,19.857142857142858,10.485714285714286,58.42136357446211,2010,9.0,3.0,0,0,0,1,0,1,0,0.245,36,1
67.14285714285714,49.57142857142857,57.42857142857143,1.0,3.142857142857143,0.023571428571428573,29.31142857142857,20.285714285714285,10.614285714285714,54.019321290560974,2010,9.0,3.0,0,0,0,1,0,1,0,0.165,36,2
64.14285714285714,51.857142857142854,57.714285714285715,2.0,1.1428571428571428,0.07428571428571429,29.335714285714285,15.285714285714286,7.2,65.28331823059558,2010,9.0,3.0,0,0,1,2,0,1,0,0.52,37,1
65.71428571428571,51.42857142857143,57.714285714285715,1.1428571428571428,1.8571428571428572,0.042857142857142864,29.39428571428571,14.857142857142858,7.442857142857142,60.6271008625128,2010,9.0,3.0,0,0,1,3,0,2,1,0.30000000000000004,37,2
67.42857142857143,55.57142857142857,59.857142857142854,2.7142857142857144,5.142857142857143,0.045714285714285714,29.270000000000003,17.571428571428573,11.085714285714285,66.01510657927001,2010,9.0,3.0,0,0,1,3,0,1,0,0.32,38,1
68.0,54.857142857142854,60.0,2.5714285714285716,5.571428571428571,0.04142857142857143,29.329999999999995,18.0,10.757142857142856,63.113543273462916,2010,9.0,3.0,0,0,1,4,0,3,0,0.29000000000000004,38,2
57.714285714285715,44.42857142857143,50.57142857142857,7.285714285714286,0.0,0.060000000000000005,29.284285714285716,18.285714285714285,8.071428571428571,61.43737057310462,2010,9.428571428571429,3.0,0,0,0,3,0,1,0,0.42000000000000004,39,1
57.714285714285715,43.857142857142854,50.42857142857143,7.285714285714286,0.0,0.04142857142857143,29.341428571428573,19.285714285714285,8.057142857142859,60.34797338473354,2010,9.428571428571429,3.0,0,0,0,4,1,0,1,0.29000000000000004,39,2
62.0,43.142857142857146,52.0,4.714285714285714,1.7142857142857142,0.0,29.378571428571426,23.571428571428573,5.171428571428572,50.72507702724728,2010,10.0,3.0,0,0,0,0,0,0,0,0.0,40,1
62.285714285714285,42.142857142857146,51.857142857142854,4.714285714285714,2.0,0.0,29.43857142857143,24.285714285714285,4.871428571428572,48.437338301428994,2010,10.0,3.0,0,0,0,0,0,0,0,0.0,40,2
58.57142857142857,42.857142857142854,50.57142857142857,6.857142857142857,0.42857142857142855,0.014285714285714287,29.270000000000003,13.714285714285714,6.8999999999999995,56.46949941605431,2010,10.0,3.0,0,0,1,1,0,1,0,0.1,41,1
59.142857142857146,43.57142857142857,51.142857142857146,6.428571428571429,0.5714285714285714,0.037142857142857144,29.330000000000002,23.428571428571427,6.742857142857142,56.98218553023298,2010,10.0,3.0,0,0,1,0,0,0,0,0.26,41,2
54.0,38.714285714285715,46.857142857142854,11.0,0.0,0.024999999999999998,29.188571428571425,21.428571428571427,9.0,56.54034305777964,2010,10.0,3.0,0,0,0,2,0,2,0,0.175,42,1
55.42857142857143,37.57142857142857,46.857142857142854,9.571428571428571,0.0,0.1764285714285714,29.251428571428573,21.428571428571427,8.12857142857143,51.36589002684493,2010,10.0,3.0,0,0,2,1,0,1,0,1.2349999999999999,42,2
51.57142857142857,36.42857142857143,44.42857142857143,13.428571428571429,0.0,0.034999999999999996,29.107142857142858,20.285714285714285,15.014285714285716,56.7595648377755,2010,10.0,3.0,0,0,0,1,0,2,0,0.245,43,1
52.142857142857146,36.142857142857146,45.0,12.857142857142858,0.0,0.05857142857142857,29.17571428571429,20.571428571428573,14.228571428571428,54.83087996167943,2010,10.0,3.0,0,0,0,1,0,2,0,0.41000000000000003,43,2
55.0,37.0,47.0,10.0,0.0,0.0,29.26,26.0,11.9,50.53163169435197,2011,5.0,6.0,0,0,0,0,0,0,0,0.0,17,1
58.0,37.0,48.0,7.0,0.0,0.0,29.32,26.0,11.6,45.3363811760161,2011,5.0,6.0,0,0,0,0,0,0,0,0.0,17,2
50.57142857142857,36.714285714285715,44.42857142857143,14.428571428571429,0.0,0.010714285714285716,29.34714285714286,14.428571428571429,8.357142857142858,59.60946378616404,2011,5.0,3.0,0,0,0,3,0,1,0,0.07500000000000001,18,1
51.714285714285715,36.857142857142854,45.0,13.285714285714286,0.0,0.015714285714285715,29.41,14.0,8.82857142857143,57.4026467536733,2011,5.0,3.0,0,0,0,1,1,1,0,0.11000000000000001,18,2
62.57142857142857,53.142857142857146,56.857142857142854,6.428571428571429,4.0,0.15214285714285714,29.069999999999997,9.285714285714286,12.471428571428573,72.18218054100474,2011,5.0,3.0,0,0,2,4,0,5,1,1.065,19,1
64.28571428571429,52.857142857142854,57.42857142857143,5.857142857142857,5.142857142857143,0.1592857142857143,29.124285714285715,9.285714285714286,12.228571428571428,67.78815926981703,2011,5.0,3.0,0,0,0,2,1,4,3,1.1150000000000002,19,2
58.285714285714285,48.142857142857146,53.0,8.0,1.2857142857142858,0.09428571428571428,29.18857142857143,7.0,9.285714285714286,69.79664473260523,2011,5.0,3.0,0,0,1,2,1,5,1,0.6599999999999999,20,1
59.57142857142857,48.42857142857143,53.285714285714285,7.142857142857143,1.7142857142857142,0.02214285714285714,29.25142857142857,6.571428571428571,9.5,67.3873467718129,2011,5.0,3.0,0,0,1,1,0,3,3,0.155,20,2
56.714285714285715,50.42857142857143,53.142857142857146,9.0,0.7142857142857143,0.7742857142857142,29.087142857142858,9.714285714285714,10.614285714285716,79.97903662280514,2011,5.0,3.0,0,1,1,5,0,4,0,5.42,21,1
59.142857142857146,50.714285714285715,54.142857142857146,7.0,1.1428571428571428,0.5264285714285714,29.14428571428571,9.142857142857142,10.485714285714284,74.18072529917416,2011,5.0,3.0,0,0,3,5,1,4,1,3.6849999999999996,21,2
72.0,57.57142857142857,63.714285714285715,0.2857142857142857,7.285714285714286,0.04214285714285714,29.352857142857147,17.857142857142858,10.185714285714287,61.23136442252972,2011,5.714285714285714,3.0,0,0,1,1,0,0,0,0.295,22,1
74.14285714285714,57.714285714285715,64.28571428571429,0.2857142857142857,9.428571428571429,0.09999999999999999,29.417142857142856,17.571428571428573,9.942857142857141,56.974898737103494,2011,5.714285714285714,3.0,0,0,0,3,0,0,0,0.7,22,2
68.28571428571429,57.142857142857146,61.57142857142857,3.7142857142857144,7.0,0.23571428571428574,29.214285714285715,11.714285714285714,9.828571428571427,69.35560722635486,2011,6.0,3.0,0,1,2,3,1,4,1,1.6500000000000001,23,1
69.42857142857143,57.0,62.0,3.0,7.428571428571429,0.4857142857142857,29.275714285714283,10.714285714285714,9.428571428571429,66.53714876503383,2011,6.0,3.0,0,0,4,1,1,4,1,3.4,23,2
68.42857142857143,56.714285714285715,61.42857142857143,0.42857142857142855,3.857142857142857,0.12000000000000001,29.135714285714283,11.714285714285714,7.614285714285714,67.00069966830276,2011,6.0,3.0,0,0,1,2,0,2,0,0.8400000000000001,24,1
69.85714285714286,56.714285714285715,62.142857142857146,0.14285714285714285,5.0,0.12428571428571429,29.194285714285716,12.285714285714286,7.828571428571428,63.8813345147487,2011,6.0,3.0,0,0,1,2,0,3,0,0.87,24,2
69.71428571428571,60.142857142857146,63.857142857142854,0.14285714285714285,4.857142857142857,0.09428571428571429,29.034285714285716,18.428571428571427,9.62857142857143,72.29735188795418,2011,6.0,3.0,0,0,1,4,0,3,0,0.66,25,1
71.28571428571429,59.857142857142854,64.28571428571429,0.14285714285714285,6.428571428571429,0.19785714285714287,29.092857142857145,18.285714285714285,9.957142857142857,67.93897256873342,2011,6.0,3.0,0,0,2,3,0,3,0,1.385,25,2
75.71428571428571,60.57142857142857,66.28571428571429,0.0,10.714285714285714,0.004999999999999999,29.251428571428573,17.142857142857142,9.185714285714285,59.84622033059674,2011,6.428571428571429,3.0,0,0,0,1,0,1,1,0.034999999999999996,26,1
76.85714285714286,60.714285714285715,66.28571428571429,0.0,11.857142857142858,0.025714285714285717,29.312857142857144,17.0,8.385714285714284,57.88590030084232,2011,6.428571428571429,3.0,1,0,1,3,0,2,0,0.18000000000000002,26,2
77.28571428571429,58.0,65.85714285714286,0.0,12.285714285714286,0.002142857142857143,29.222857142857148,12.571428571428571,6.542857142857143,51.629341548912954,2011,7.0,3.0,0,0,0,1,0,0,1,0.015,27,1
78.42857142857143,58.0,66.28571428571429,0.0,13.428571428571429,0.010714285714285716,29.279999999999998,12.142857142857142,6.514285714285714,49.77440126835269,2011,7.0,3.0,0,0,0,1,0,0,1,0.07500000000000001,27,2
77.14285714285714,62.42857142857143,68.0,0.0,12.142857142857142,0.05857142857142857,29.279999999999998,13.0,7.5,60.90332992146376,2011,7.0,3.0,0,0,0,2,0,0,1,0.41000000000000003,28,1
78.57142857142857,62.285714285714285,68.28571428571429,0.0,13.571428571428571,0.02,29.337142857142855,13.285714285714286,7.514285714285714,57.87218848431426,2011,7.0,3.0,0,0,1,1,0,1,0,0.14,28,2
83.28571428571429,71.42857142857143,75.14285714285714,0.0,18.285714285714285,1.2342857142857144,29.178571428571427,20.714285714285715,8.17142857142857,67.87876717025178,2011,7.0,3.0,0,0,3,3,0,4,2,8.64,29,1
84.71428571428571,71.57142857142857,75.28571428571429,0.0,19.714285714285715,0.029285714285714286,29.237142857142853,18.428571428571427,8.142857142857142,65.33148224889767,2011,7.0,3.0,1,0,3,1,0,3,1,0.20500000000000002,29,2
79.14285714285714,66.57142857142857,71.0,0.0,14.142857142857142,0.30142857142857143,29.24142857142857,16.857142857142858,6.514285714285714,65.64134128597304,2011,7.0,3.0,0,0,2,1,0,2,0,2.11,30,1
80.85714285714286,67.0,71.42857142857143,0.0,15.857142857142858,0.055714285714285716,29.30142857142857,16.571428571428573,6.3999999999999995,63.025895920891664,2011,7.0,3.0,0,0,1,1,0,2,0,0.39,30,2
79.28571428571429,69.28571428571429,72.14285714285714,0.0,14.285714285714286,0.195,29.145714285714288,13.142857142857142,6.271428571428571,71.64900268851785,2011,8.0,3.0,0,0,1,2,0,2,0,1.365,31,1
79.85714285714286,69.14285714285714,72.57142857142857,0.0,14.857142857142858,0.20928571428571427,29.19857142857143,12.428571428571429,6.671428571428573,70.03108070021715,2011,8.0,3.0,0,0,1,2,0,4,3,1.4649999999999999,31,2
71.0,59.857142857142854,64.28571428571429,0.0,6.0,0.19785714285714281,29.138571428571428,24.142857142857142,7.985714285714287,68.15099075827185,2011,8.0,3.0,0,0,0,3,0,2,0,1.3849999999999998,32,1
72.57142857142857,59.42857142857143,64.42857142857143,0.0,7.571428571428571,0.17714285714285713,29.19571428571428,23.571428571428573,8.342857142857143,63.79676800181427,2011,8.0,3.0,0,0,2,3,0,3,0,1.24,32,2
73.28571428571429,60.57142857142857,65.57142857142857,0.0,8.285714285714286,0.15928571428571428,29.257142857142856,16.142857142857142,5.299999999999999,64.84314274517553,2011,8.0,3.0,0,1,0,2,0,1,0,1.115,33,1
74.28571428571429,60.142857142857146,65.71428571428571,0.0,9.285714285714286,0.05714285714285715,29.311428571428568,16.0,5.414285714285714,61.72863291586847,2011,8.0,3.0,0,0,1,2,0,2,1,0.4,33,2
72.42857142857143,60.42857142857143,64.71428571428571,0.0,7.428571428571429,0.09285714285714286,29.19142857142857,19.857142857142858,7.471428571428572,66.46485730408392,2011,8.0,3.0,0,0,1,0,0,2,0,0.65,34,1
73.14285714285714,59.857142857142854,64.85714285714286,0.0,8.142857142857142,0.05714285714285715,29.25142857142857,11.0,7.557142857142858,63.350151289788805,2011,8.0,3.0,0,0,1,1,0,1,0,0.4,34,2
75.0,62.42857142857143,67.42857142857143,0.0,10.0,0.009285714285714286,29.235714285714288,19.714285714285715,7.014285714285714,65.0221820047807,2011,8.571428571428571,3.0,0,0,0,3,0,1,2,0.065,35,1
76.57142857142857,62.42857142857143,67.57142857142857,0.0,11.571428571428571,0.032857142857142856,29.29,18.714285714285715,6.928571428571429,61.90848149100038,2011,8.571428571428571,3.0,0,0,0,2,0,0,0,0.23,35,2
64.0,52.714285714285715,57.714285714285715,2.2857142857142856,1.2857142857142858,0.0035714285714285718,29.34,7.428571428571429,9.428571428571429,66.9994981810569,2011,9.0,3.0,0,0,0,2,0,2,0,0.025,36,1
65.85714285714286,53.42857142857143,58.714285714285715,1.2857142857142858,2.142857142857143,0.02642857142857143,29.385714285714283,12.428571428571429,10.642857142857144,64.65729584262888,2011,9.0,3.0,0,0,0,2,1,4,0,0.185,36,2
59.285714285714285,47.285714285714285,53.285714285714285,7.142857142857143,1.4285714285714286,0.07285714285714286,29.405714285714286,17.571428571428573,8.157142857142857,64.91920589294016,2011,9.0,3.0,0,0,0,2,1,3,2,0.51,37,1
60.57142857142857,47.285714285714285,54.0,6.142857142857143,1.7142857142857142,0.04928571428571429,29.47,22.857142857142858,7.814285714285716,62.039528578400954,2011,9.0,3.0,0,0,0,2,1,2,2,0.34500000000000003,37,2
59.42857142857143,50.57142857142857,54.42857142857143,5.571428571428571,0.0,0.06642857142857143,29.25857142857143,21.714285714285715,6.871428571428572,72.97560489282503,2011,9.0,3.0,0,0,0,4,0,3,0,0.465,38,1
60.0,50.714285714285715,54.857142857142854,5.0,0.0,0.10642857142857143,29.315714285714286,20.714285714285715,6.699999999999998,71.90195760716152,2011,9.0,3.0,0,0,0,4,0,4,0,0.745,38,2
55.142857142857146,46.857142857142854,50.57142857142857,9.857142857142858,0.0,0.34928571428571425,29.184285714285718,26.571428571428573,10.700000000000001,74.08717843273426,2011,9.285714285714286,3.0,0,0,0,5,0,4,0,2.445,39,1
55.857142857142854,46.857142857142854,50.714285714285715,9.142857142857142,0.0,0.22357142857142853,29.240000000000002,26.285714285714285,10.142857142857142,71.96961581787465,2011,9.285714285714286,3.0,0,0,0,5,1,4,0,1.5649999999999997,39,2
64.42857142857143,49.857142857142854,56.0,1.8571428571428572,1.2857142857142858,0.0,29.517142857142858,14.0,4.885714285714285,59.23217460271077,2011,10.0,3.0,0,0,0,0,0,0,0,0.0,40,1
66.42857142857143,49.0,56.142857142857146,1.7142857142857142,3.142857142857143,0.0,29.581428571428575,13.571428571428571,4.4,53.699668831098286,2011,10.0,3.0,0,0,0,0,0,0,0,0.0,40,2
60.57142857142857,46.857142857142854,53.285714285714285,5.142857142857143,0.7142857142857143,0.0642857142857143,29.07714285714286,22.0,9.342857142857143,61.25253793301192,2011,10.0,3.0,0,0,0,2,0,1,0,0.45000000000000007,41,1
60.42857142857143,46.142857142857146,53.142857142857146,5.714285714285714,1.1428571428571428,0.08714285714285715,29.141428571428573,20.857142857142858,8.9,60.224053804960306,2011,10.0,3.0,0,0,0,2,0,1,0,0.61,41,2
48.57142857142857,37.0,43.42857142857143,16.428571428571427,0.0,0.16999999999999998,29.131428571428568,24.142857142857142,9.857142857142858,64.5267670448377,2011,10.0,3.0,0,0,1,4,0,2,0,1.19,42,1
48.42857142857143,37.57142857142857,43.714285714285715,16.571428571428573,0.0,0.16428571428571428,29.19142857142857,23.571428571428573,9.971428571428572,66.56577318609247,2011,10.0,3.0,0,0,1,4,1,2,0,1.15,42,2
49.285714285714285,37.57142857142857,43.714285714285715,15.714285714285714,0.0,0.048571428571428564,29.278571428571432,26.714285714285715,8.5,64.18221775527604,2011,10.0,3.0,0,0,0,3,0,1,0,0.33999999999999997,43,1
49.857142857142854,37.0,44.0,15.142857142857142,0.0,0.06571428571428571,29.344285714285718,21.285714285714285,8.671428571428569,61.607412279006745,2011,10.0,3.0,0,0,1,3,0,3,0,0.45999999999999996,43,2
45.0,36.0,40.0,20.0,0.0,0.0,29.34,25.0,4.8,70.4794555914197,2011,10.0,0.0,0,0,0,0,0,1,0,0.0,44,1
46.0,35.0,41.0,19.0,0.0,0.0,29.41,24.0,5.1,65.20619740270315,2011,10.0,0.0,0,0,0,0,0,1,0,0.0,44,2
63.833333333333336,56.166666666666664,59.333333333333336,3.6666666666666665,2.5,0.4191666666666667,29.2,11.5,9.299999999999999,76.49648280272366,2012,5.0,3.5,0,0,3,3,0,5,3,2.515,18,1
64.83333333333333,56.666666666666664,60.0,3.0,2.8333333333333335,0.1791666666666667,29.258333333333336,10.5,9.016666666666667,75.47158333182813,2012,5.0,3.5,1,0,3,2,0,6,3,1.0750000000000002,18,2
59.0,41.42857142857143,50.857142857142854,6.0,0.0,0.08,29.298571428571424,13.571428571428571,8.0,54.36565951060267,2012,5.0,3.0,0,1,1,3,0,2,1,0.56,19,1
58.57142857142857,41.857142857142854,50.714285714285715,6.428571428571429,0.0,0.12214285714285714,29.36142857142857,13.714285714285714,7.914285714285714,56.31667637439781,2012,5.0,3.0,0,1,2,2,0,1,0,0.855,19,2
68.14285714285714,43.42857142857143,55.0,2.0,5.142857142857143,0.027142857142857142,29.30142857142857,16.428571428571427,9.142857142857142,40.92647077060854,2012,5.0,3.0,0,0,1,2,0,0,0,0.19,20,1
68.28571428571429,42.857142857142854,55.0,2.142857142857143,5.428571428571429,0.020714285714285716,29.364285714285717,15.0,8.985714285714286,40.03951815201658,2012,5.0,3.0,0,0,1,2,0,0,0,0.14500000000000002,20,2
70.71428571428571,48.857142857142854,58.285714285714285,1.1428571428571428,6.857142857142857,0.0007142857142857143,29.225714285714286,9.714285714285714,10.814285714285715,46.12974358484871,2012,5.0,3.0,0,0,0,1,0,0,0,0.005,21,1
70.85714285714286,48.57142857142857,58.42857142857143,1.5714285714285714,7.428571428571429,0.0,29.282857142857136,14.857142857142858,10.87142857142857,45.75547280922916,2012,5.0,3.0,0,0,0,0,0,0,0,0.0,21,2
65.85714285714286,47.714285714285715,55.857142857142854,3.857142857142857,4.714285714285714,0.16285714285714284,29.107142857142858,25.714285714285715,11.028571428571428,53.64619522006054,2012,5.428571428571429,3.0,0,0,0,2,0,1,0,1.14,22,1
65.57142857142857,47.857142857142854,55.714285714285715,4.0,4.571428571428571,0.1471428571428571,29.167142857142856,25.285714285714285,11.757142857142856,54.51745676662908,2012,5.428571428571429,3.0,0,0,0,3,0,2,0,1.0299999999999998,22,2
70.28571428571429,48.714285714285715,58.714285714285715,0.2857142857142857,5.571428571428571,0.0007142857142857143,29.264285714285712,12.571428571428571,8.357142857142858,46.77842330803639,2012,6.0,3.0,0,0,0,0,0,0,0,0.005,23,1
70.57142857142857,48.714285714285715,58.714285714285715,0.2857142857142857,5.857142857142857,0.0,29.322857142857142,11.428571428571429,8.514285714285714,46.51968479499915,2012,6.0,3.0,0,0,0,0,0,0,0,0.0,23,2
74.42857142857143,52.714285714285715,62.142857142857146,0.2857142857142857,9.714285714285714,0.060714285714285714,29.274285714285714,19.428571428571427,9.457142857142856,47.00184701593934,2012,6.0,3.0,0,0,0,3,0,2,0,0.425,24,1
75.28571428571429,52.857142857142854,62.142857142857146,0.14285714285714285,10.428571428571429,0.07571428571428572,29.334285714285716,19.0,9.7,46.15950036544668,2012,6.0,3.0,0,0,0,2,0,2,0,0.53,24,2
80.57142857142857,59.285714285714285,67.28571428571429,0.0,15.571428571428571,0.0014285714285714286,29.208571428571428,19.428571428571427,11.028571428571428,48.53723751513056,2012,6.0,3.0,0,0,0,1,0,0,0,0.01,25,1
79.71428571428571,59.57142857142857,67.14285714285714,0.0,14.714285714285714,0.004285714285714286,29.268571428571427,14.714285714285714,10.571428571428571,50.39878800088773,2012,6.0,3.0,0,0,0,0,0,0,0,0.03,25,2
77.28571428571429,59.142857142857146,66.28571428571429,0.0,12.285714285714286,0.06642857142857142,29.19,15.714285714285714,8.37142857142857,53.91979084645538,2012,6.142857142857143,3.0,0,0,2,1,0,0,1,0.46499999999999997,26,1
77.71428571428571,59.42857142857143,66.85714285714286,0.0,12.714285714285714,0.1435714285714286,29.249999999999996,19.571428571428573,9.5,54.19453357282311,2012,6.142857142857143,3.0,0,0,3,2,0,1,1,1.0050000000000001,26,2
87.14285714285714,66.71428571428571,73.14285714285714,0.0,22.142857142857142,0.04,29.214285714285715,18.428571428571427,8.985714285714286,50.97388577033172,2012,7.0,3.0,0,0,1,0,0,1,1,0.28,27,1
87.71428571428571,66.71428571428571,73.14285714285714,0.0,22.714285714285715,0.0007142857142857143,29.274285714285718,18.428571428571427,9.014285714285714,50.118079848497324,2012,7.0,3.0,0,0,0,1,0,0,0,0.005,27,2
79.14285714285714,59.57142857142857,67.0,0.0,14.142857142857142,0.04071428571428572,29.337142857142858,13.714285714285714,7.571428571428571,51.449257506392186,2012,7.0,3.0,0,0,1,1,0,1,0,0.28500000000000003,28,1
80.0,60.0,67.14285714285714,0.0,15.0,0.0014285714285714286,29.39285714285714,12.142857142857142,7.785714285714286,50.98664094618107,2012,7.0,3.0,0,0,1,0,0,0,1,0.01,28,2
80.57142857142857,66.0,70.85714285714286,0.0,15.571428571428571,0.2364285714285714,29.24142857142857,15.571428571428571,8.285714285714286,61.9924927398197,2012,7.0,3.0,0,0,2,2,0,2,0,1.6549999999999998,29,1
82.14285714285714,65.85714285714286,71.28571428571429,0.0,17.142857142857142,0.20785714285714282,29.295714285714286,15.0,8.471428571428572,58.953739484806,2012,7.0,3.0,0,0,2,1,1,1,0,1.4549999999999998,29,2
79.28571428571429,64.57142857142857,69.85714285714286,0.0,14.285714285714286,0.18571428571428572,29.184285714285714,18.428571428571427,8.8,61.23934988095761,2012,7.0,3.0,0,0,2,5,0,0,0,1.3,30,1
81.85714285714286,64.42857142857143,70.28571428571429,0.0,16.857142857142858,0.06571428571428571,29.24142857142857,17.428571428571427,8.971428571428572,56.07146451859894,2012,7.0,3.0,0,0,1,1,0,1,0,0.46,30,2
79.57142857142857,64.14285714285714,69.42857142857143,0.0,14.571428571428571,0.07571428571428572,29.197142857142858,16.428571428571427,6.500000000000001,59.490333719735595,2012,7.714285714285714,3.0,0,0,1,0,0,1,0,0.53,31,1
81.57142857142857,63.142857142857146,69.57142857142857,0.0,16.571428571428573,0.16999999999999998,29.25142857142857,15.571428571428571,6.871428571428571,53.91246074456101,2012,7.714285714285714,3.0,0,0,2,0,0,1,0,1.19,31,2
71.42857142857143,57.57142857142857,63.42857142857143,0.0,6.428571428571429,0.03428571428571429,29.24142857142857,21.571428571428573,8.185714285714285,62.18639809654835,2012,8.0,3.0,0,0,1,3,0,2,0,0.24,32,1
73.85714285714286,57.0,63.714285714285715,0.0,8.857142857142858,0.05928571428571429,29.294285714285714,21.428571428571427,8.114285714285716,56.134673152407686,2012,8.0,3.0,0,0,2,3,0,1,0,0.41500000000000004,32,2
68.71428571428571,56.285714285714285,61.714285714285715,0.0,3.7142857142857144,0.1142857142857143,29.215714285714284,15.714285714285714,5.814285714285715,65.52692192463778,2012,8.0,3.0,0,0,1,1,0,3,0,0.8,33,1
70.28571428571429,55.57142857142857,61.857142857142854,0.0,5.285714285714286,0.095,29.274285714285714,18.714285714285715,5.4,60.60510998882732,2012,8.0,3.0,0,0,1,2,0,3,0,0.665,33,2
73.14285714285714,56.42857142857143,63.142857142857146,0.0,8.142857142857142,0.09714285714285713,29.305714285714284,15.714285714285714,6.928571428571429,57.11306958673705,2012,8.0,3.0,0,0,1,3,0,1,0,0.6799999999999999,34,1
75.42857142857143,55.285714285714285,63.42857142857143,0.0,10.428571428571429,0.5985714285714286,29.36428571428571,15.571428571428571,6.471428571428571,50.75586516770105,2012,8.0,3.0,0,0,0,2,1,1,0,4.19,34,2
76.71428571428571,62.714285714285715,67.57142857142857,0.0,11.714285714285714,0.0014285714285714286,29.30142857142857,10.857142857142858,8.642857142857142,62.592539451117965,2012,8.285714285714286,3.0,0,0,0,1,0,1,0,0.01,35,1
78.28571428571429,62.57142857142857,68.14285714285714,0.0,13.285714285714286,0.03571428571428571,29.354285714285712,11.0,8.442857142857143,59.43728990316113,2012,8.285714285714286,3.0,0,0,0,1,0,2,1,0.25,35,2
72.42857142857143,60.714285714285715,65.14285714285714,0.2857142857142857,7.714285714285714,0.16285714285714287,29.169999999999995,24.285714285714285,8.185714285714287,66.85607266219,2012,9.0,3.0,0,0,1,4,0,3,0,1.1400000000000001,36,1
73.14285714285714,60.142857142857146,65.14285714285714,0.14285714285714285,8.285714285714286,0.13285714285714284,29.229999999999997,20.0,7.614285714285715,63.93213449592743,2012,9.0,3.0,0,0,1,3,0,1,0,0.9299999999999999,36,2
66.0,50.142857142857146,57.142857142857146,0.8571428571428571,1.8571428571428572,0.027142857142857142,29.439999999999998,23.571428571428573,7.857142857142857,56.90949228013486,2012,9.0,3.0,0,0,0,1,0,0,0,0.19,37,1
68.0,48.857142857142854,57.57142857142857,0.14285714285714285,3.142857142857143,0.019285714285714288,29.504285714285714,22.571428571428573,7.071428571428571,50.96765316326701,2012,9.0,3.0,0,0,0,1,1,1,0,0.135,37,2
56.857142857142854,42.285714285714285,49.285714285714285,8.428571428571429,0.2857142857142857,0.06214285714285715,29.224285714285713,27.857142857142858,10.057142857142855,58.871046617830295,2012,9.0,3.0,0,0,1,3,0,1,0,0.43500000000000005,38,1
59.285714285714285,41.142857142857146,49.857142857142854,6.285714285714286,0.5714285714285714,0.044285714285714296,29.295714285714286,27.285714285714285,9.657142857142857,51.59951916004743,2012,9.0,3.0,0,0,0,3,0,1,0,0.31000000000000005,38,2
59.285714285714285,46.0,52.0,5.714285714285714,0.0,0.0007142857142857143,29.30142857142857,17.285714285714285,8.9,61.836069424835436,2012,9.0,3.0,0,0,0,1,0,0,0,0.005,39,1
61.285714285714285,45.714285714285715,52.714285714285715,3.857142857142857,0.14285714285714285,0.0,29.36428571428571,22.0,8.528571428571428,57.014629522367606,2012,9.0,3.0,0,0,0,0,0,2,1,0.0,39,2
53.285714285714285,41.42857142857143,48.0,11.714285714285714,0.0,0.054285714285714284,29.285714285714285,20.142857142857142,8.214285714285715,64.82830491071893,2012,10.0,3.0,0,0,0,2,1,1,0,0.38,40,1
55.42857142857143,40.57142857142857,48.142857142857146,9.714285714285714,0.14285714285714285,0.019285714285714288,29.35571428571429,19.142857142857142,8.985714285714286,57.58895886566084,2012,10.0,3.0,0,0,0,3,1,1,1,0.135,40,2
50.714285714285715,38.857142857142854,45.42857142857143,14.285714285714286,0.0,0.16785714285714287,29.272857142857138,20.571428571428573,13.857142857142856,64.56392018737778,2012,10.0,3.0,0,0,1,4,1,3,0,1.175,41,1
52.42857142857143,37.142857142857146,45.57142857142857,12.571428571428571,0.0,0.17285714285714285,29.351428571428567,19.857142857142858,12.200000000000001,56.80659849493719,2012,10.0,3.0,0,0,1,4,2,3,1,1.21,41,2
52.42857142857143,43.857142857142854,48.0,12.571428571428571,0.0,0.08571428571428573,28.965714285714284,22.857142857142858,10.985714285714284,72.62656825068262,2012,10.0,3.0,0,0,0,3,1,1,0,0.6000000000000001,42,1
53.857142857142854,42.857142857142854,48.0,11.142857142857142,0.0,0.10142857142857144,29.041428571428565,21.571428571428573,9.957142857142857,66.4258356335033,2012,10.0,3.0,0,0,0,3,2,1,0,0.7100000000000001,42,2
54.0,45.857142857142854,50.714285714285715,11.428571428571429,0.42857142857142855,0.14285714285714285,29.31714285714286,21.142857142857142,10.87142857142857,74.73253016028488,2012,10.0,3.0,0,0,1,3,0,2,0,1.0,43,1
55.57142857142857,45.42857142857143,51.0,10.142857142857142,0.7142857142857143,0.10928571428571429,29.382857142857144,21.0,10.785714285714288,69.00334777773095,2012,10.0,3.0,0,0,0,4,1,2,1,0.765,43,2
43.333333333333336,27.333333333333332,36.333333333333336,21.666666666666668,0.0,0.0,29.2,34.666666666666664,15.766666666666666,52.98695549240286,2012,10.0,1.0,0,0,0,0,0,0,0,0.0,44,1
43.666666666666664,27.333333333333332,36.666666666666664,21.333333333333332,0.0,0.0,29.266666666666666,33.666666666666664,16.066666666666666,52.26909056359193,2012,10.0,1.0,0,0,0,0,0,0,0,0.0,44,2
56.4,45.0,50.2,9.6,1.0,0.037,29.324,6.8,10.580000000000002,67.1999277363128,2013,5.0,4.0,0,0,0,3,0,1,0,0.185,18,1
58.0,43.4,50.4,8.8,1.8,0.005,29.387999999999998,6.0,10.3,60.08611001845767,2013,5.0,4.0,0,0,0,1,0,0,0,0.025,18,2
56.0,40.285714285714285,48.285714285714285,9.0,0.0,0.065,29.244285714285716,17.428571428571427,8.371428571428572,57.164321581031906,2013,5.0,3.0,0,0,0,2,1,1,0,0.455,19,1
56.57142857142857,38.857142857142854,48.142857142857146,8.428571428571429,0.0,0.09571428571428572,29.314285714285713,18.714285714285715,7.885714285714286,52.68763863939358,2013,5.0,3.0,0,0,0,1,2,3,2,0.67,19,2
66.28571428571429,48.42857142857143,56.714285714285715,2.4285714285714284,3.7142857142857144,0.0007142857142857143,29.18,13.714285714285714,7.414285714285714,53.18659298232127,2013,5.0,3.0,0,0,0,0,0,1,1,0.005,20,1
68.0,47.285714285714285,56.714285714285715,2.142857142857143,5.142857142857143,0.0014285714285714286,29.25142857142857,13.0,7.685714285714286,48.14538534056855,2013,5.0,3.0,0,0,0,0,0,1,2,0.01,20,2
59.57142857142857,48.714285714285715,54.0,8.285714285714286,2.857142857142857,0.44,29.28857142857143,12.428571428571429,9.8,68.25368914286096,2013,5.0,3.0,0,0,1,5,0,4,0,3.08,21,1
61.0,47.42857142857143,53.714285714285715,7.285714285714286,3.2857142857142856,0.3178571428571429,29.358571428571423,16.714285714285715,10.428571428571429,61.601029743160446,2013,5.0,3.0,0,0,2,4,0,3,0,2.225,21,2
66.57142857142857,60.57142857142857,62.714285714285715,2.7142857142857144,4.285714285714286,0.26,29.118571428571425,16.571428571428573,10.557142857142855,81.48728119775521,2013,5.285714285714286,3.0,0,0,3,5,2,5,1,1.82,22,1
68.0,59.42857142857143,62.714285714285715,2.0,5.0,0.45428571428571424,29.192857142857147,15.857142857142858,10.571428571428573,74.38753994945402,2013,5.285714285714286,3.0,0,0,3,5,1,4,1,3.1799999999999997,22,2
61.285714285714285,47.142857142857146,53.57142857142857,4.142857142857143,0.42857142857142855,0.025,29.25,7.428571428571429,7.485714285714285,60.03336506416012,2013,6.0,3.0,0,0,0,3,0,0,0,0.17500000000000002,23,1
62.42857142857143,45.285714285714285,53.57142857142857,3.5714285714285716,1.0,0.010714285714285714,29.31714285714286,6.857142857142857,7.428571428571429,53.630113075850446,2013,6.0,3.0,0,0,0,3,0,0,0,0.075,23,2
70.71428571428571,59.714285714285715,63.857142857142854,0.0,5.714285714285714,0.1692857142857143,29.164285714285715,13.428571428571429,7.685714285714285,68.78363248502525,2013,6.0,3.0,0,0,2,3,0,5,1,1.185,24,1
70.85714285714286,58.714285714285715,63.42857142857143,0.0,5.857142857142857,0.20857142857142857,29.232857142857142,12.285714285714286,7.428571428571429,65.77534550753623,2013,6.0,3.0,0,0,1,4,0,4,2,1.46,24,2
71.28571428571429,58.714285714285715,63.714285714285715,0.2857142857142857,6.571428571428571,0.24285714285714288,29.30857142857143,16.142857142857142,8.842857142857143,65.08957512733464,2013,6.0,3.0,0,0,0,3,0,2,0,1.7000000000000002,25,1
73.28571428571429,57.857142857142854,63.857142857142854,0.14285714285714285,8.428571428571429,0.03214285714285715,29.37,15.285714285714286,8.871428571428572,58.78023947984891,2013,6.0,3.0,0,0,3,1,0,1,1,0.225,25,2
73.85714285714286,63.142857142857146,66.42857142857143,0.0,8.857142857142858,0.37357142857142855,29.07428571428571,17.428571428571427,9.8,69.75837780571496,2013,6.0,3.0,0,0,2,2,0,4,0,2.6149999999999998,26,1
74.85714285714286,61.857142857142854,66.28571428571429,0.0,9.857142857142858,0.1557142857142857,29.13571428571429,17.142857142857142,10.200000000000001,64.30265123673539,2013,6.0,3.0,0,0,0,4,0,1,2,1.0899999999999999,26,2
70.42857142857143,59.57142857142857,63.714285714285715,0.14285714285714285,5.571428571428571,0.0035714285714285718,29.311428571428568,12.428571428571429,7.1428571428571415,68.83825429609477,2013,7.0,3.0,0,0,0,0,1,2,1,0.025,27,1
72.14285714285714,58.714285714285715,64.0,0.0,7.142857142857143,0.010714285714285716,29.375714285714285,17.285714285714285,8.257142857142856,62.987533600637754,2013,7.0,3.0,0,0,1,2,0,1,1,0.07500000000000001,27,2
75.71428571428571,63.142857142857146,68.28571428571429,0.0,10.714285714285714,0.07214285714285715,29.321428571428573,15.571428571428571,7.328571428571428,65.83929953811695,2013,7.0,3.0,0,0,1,1,0,2,0,0.505,28,1
76.42857142857143,62.42857142857143,67.71428571428571,0.0,11.428571428571429,0.12142857142857143,29.382857142857144,10.857142857142858,8.042857142857143,62.486328257644395,2013,7.0,3.0,0,0,0,2,0,2,1,0.85,28,2
82.28571428571429,69.42857142857143,73.42857142857143,0.0,17.285714285714285,0.10642857142857141,29.332857142857147,16.285714285714285,7.871428571428572,65.35988037239727,2013,7.0,3.0,0,0,0,0,0,1,0,0.7449999999999999,29,1
84.14285714285714,68.14285714285714,73.28571428571429,0.0,19.142857142857142,0.0064285714285714285,29.395714285714288,16.571428571428573,8.428571428571429,58.87479319953213,2013,7.0,3.0,0,0,0,1,0,0,0,0.045,29,2
67.57142857142857,56.142857142857146,61.142857142857146,1.1428571428571428,3.7142857142857144,0.06142857142857143,29.21,19.142857142857142,8.542857142857143,67.24102030808511,2013,7.0,3.0,0,0,1,3,0,1,0,0.43,30,1
69.71428571428571,53.714285714285715,60.285714285714285,0.5714285714285714,5.285714285714286,0.002857142857142857,29.275714285714287,18.142857142857142,9.214285714285714,56.999911436344526,2013,7.0,3.0,0,0,1,2,0,0,0,0.02,30,2
69.57142857142857,58.42857142857143,62.57142857142857,0.0,4.571428571428571,0.16785714285714284,29.312857142857144,16.571428571428573,6.671428571428571,68.35448822075567,2013,7.571428571428571,3.0,0,0,0,4,1,2,0,1.1749999999999998,31,1
70.42857142857143,56.714285714285715,62.285714285714285,0.0,5.428571428571429,0.08571428571428572,29.379999999999995,15.857142857142858,6.857142857142857,62.3416896073782,2013,7.571428571428571,3.0,0,0,0,4,1,1,1,0.6,31,2
72.42857142857143,61.285714285714285,65.42857142857143,0.0,7.428571428571429,0.018571428571428576,29.26,19.142857142857142,7.0857142857142845,68.43970692464293,2013,8.0,3.0,0,0,0,2,0,0,0,0.13000000000000003,32,1
74.85714285714286,59.0,65.0,0.0,9.857142857142858,0.004999999999999999,29.305714285714284,18.714285714285715,8.142857142857142,58.03327390731726,2013,8.0,3.0,0,0,0,0,0,1,0,0.034999999999999996,32,2
68.0,55.0,60.714285714285715,0.2857142857142857,3.2857142857142856,0.038571428571428576,29.39142857142857,11.142857142857142,6.5,63.25785146925643,2013,8.0,3.0,0,0,0,1,1,0,0,0.27,33,1
69.57142857142857,53.57142857142857,60.714285714285715,0.0,4.571428571428571,0.09428571428571429,29.455714285714286,10.714285714285714,6.928571428571428,56.83846118987484,2013,8.0,3.0,0,0,0,1,0,0,0,0.66,33,2
74.57142857142857,61.42857142857143,66.85714285714286,0.0,9.571428571428571,0.03428571428571429,29.38857142857143,19.714285714285715,7.4,64.0566784832694,2013,8.0,3.0,0,0,0,2,0,1,0,0.24000000000000002,34,1
76.28571428571429,60.0,66.28571428571429,0.0,11.285714285714286,0.058571428571428566,29.452857142857145,19.285714285714285,7.485714285714286,57.66407610610207,2013,8.0,3.0,0,0,0,2,0,1,1,0.41,34,2
79.28571428571429,67.57142857142857,71.28571428571429,0.0,14.285714285714286,0.08142857142857143,29.192857142857143,17.285714285714285,8.014285714285716,67.93724907986832,2013,8.142857142857142,3.0,0,0,1,0,0,2,1,0.5700000000000001,35,1
79.42857142857143,66.42857142857143,70.42857142857143,0.0,14.428571428571429,0.20714285714285713,29.25857142857143,21.142857142857142,8.014285714285714,65.06350735753624,2013,8.142857142857142,3.0,0,1,2,2,0,3,1,1.45,35,2
71.28571428571429,58.857142857142854,63.857142857142854,0.0,6.285714285714286,0.002142857142857143,29.32,16.142857142857142,8.0,65.110217744375,2013,9.0,3.0,0,0,0,0,0,0,0,0.015,36,1
72.28571428571429,57.57142857142857,63.42857142857143,0.0,7.285714285714286,0.0,29.385714285714283,16.285714285714285,7.957142857142857,60.28466058329026,2013,9.0,3.0,0,0,0,0,0,0,0,0.0,36,2
71.57142857142857,57.0,62.714285714285715,2.2857142857142856,8.857142857142858,0.09428571428571429,29.29571428571429,18.571428571428573,8.9,60.85453814584873,2013,9.0,3.0,0,0,0,2,0,1,0,0.66,37,1
72.71428571428571,56.0,62.714285714285715,1.7142857142857142,9.428571428571429,0.04428571428571428,29.36285714285714,20.285714285714285,9.042857142857143,56.48094878431808,2013,9.0,3.0,0,0,0,1,1,1,1,0.31,37,2
64.42857142857143,54.42857142857143,58.57142857142857,3.4285714285714284,2.857142857142857,0.1992857142857143,29.290000000000003,16.142857142857142,9.5,70.03586605426791,2013,9.0,3.0,0,1,1,1,0,1,1,1.395,38,1
65.14285714285714,52.857142857142854,58.0,3.0,3.142857142857143,0.07785714285714286,29.357142857142858,16.0,9.657142857142857,64.49358975095609,2013,9.0,3.0,0,0,0,1,0,1,2,0.545,38,2
62.57142857142857,51.0,56.285714285714285,3.4285714285714284,1.0,0.054285714285714284,29.29714285714286,14.428571428571429,7.385714285714285,66.10448806709297,2013,9.0,3.0,0,0,0,2,0,3,0,0.38,39,1
64.42857142857143,49.42857142857143,56.0,2.142857142857143,1.5714285714285714,0.03428571428571429,29.362857142857145,14.428571428571429,7.557142857142856,58.523131040509774,2013,9.0,3.0,0,0,0,2,0,2,0,0.24,39,2
66.57142857142857,57.285714285714285,61.285714285714285,2.0,3.5714285714285716,0.14785714285714285,29.18285714285714,17.571428571428573,7.828571428571428,72.91599086032521,2013,9.857142857142858,3.0,0,0,1,3,1,5,0,1.035,40,1
68.0,56.714285714285715,61.285714285714285,1.5714285714285714,4.571428571428571,0.22,29.251428571428573,18.0,8.014285714285714,68.0772759430901,2013,9.857142857142858,3.0,0,0,0,2,2,6,5,1.54,40,2
59.142857142857146,48.0,53.142857142857146,5.857142857142857,0.0,0.017857142857142856,29.384285714285713,19.714285714285715,6.3999999999999995,66.70445254522842,2013,10.0,3.0,0,0,0,1,0,2,0,0.125,41,1
61.285714285714285,46.57142857142857,53.142857142857146,4.0,0.2857142857142857,0.0014285714285714286,29.454285714285714,19.285714285714285,6.185714285714286,58.630160050646545,2013,10.0,3.0,0,0,0,0,0,0,0,0.01,41,2
49.857142857142854,43.285714285714285,46.857142857142854,15.142857142857142,0.0,0.055,29.185714285714283,21.285714285714285,8.671428571428573,78.2831629773397,2013,10.0,3.0,0,0,0,4,1,2,0,0.385,42,1
51.42857142857143,42.142857142857146,47.142857142857146,13.571428571428571,0.0,0.04214285714285715,29.26,20.857142857142858,9.157142857142858,70.71382561739166,2013,10.0,3.0,0,0,0,4,1,2,1,0.29500000000000004,42,2
40.714285714285715,28.285714285714285,35.714285714285715,24.285714285714285,0.0,0.002857142857142857,29.294285714285714,26.714285714285715,10.142857142857142,61.44966756876645,2013,10.0,3.0,0,0,0,1,0,0,0,0.02,43,1
41.57142857142857,28.428571428571427,36.57142857142857,23.428571428571427,0.0,0.009285714285714286,29.37428571428572,26.285714285714285,9.528571428571428,59.92441069393258,2013,10.0,3.0,0,0,0,3,1,1,0,0.065,43,2
50.5,46.25,49.0,14.5,0.0,0.39875000000000005,29.235,13.25,8.975,86.14828976041706,2013,10.0,1.5,0,0,0,2,0,2,1,1.5950000000000002,44,1
51.75,46.25,49.25,13.25,0.0,0.7987499999999998,29.3075,13.0,8.625,82.0947646838286,2013,10.0,1.5,0,0,0,3,0,2,2,3.1949999999999994,44,2
51.0,35.75,44.0,14.0,0.0,0.02375,29.1075,19.75,12.399999999999999,57.13976670978635,2014,5.0,4.5,0,0,0,1,1,1,0,0.095,18,1
52.75,38.75,45.75,12.25,0.0,0.0325,29.175,19.75,12.775,61.27515212203268,2014,5.0,4.5,0,0,0,2,1,0,0,0.13,18,2
61.0,44.57142857142857,52.714285714285715,5.0,1.0,0.18642857142857144,29.15142857142857,15.142857142857142,11.671428571428573,54.94542635107188,2014,5.0,3.0,0,0,0,3,0,1,0,1.3050000000000002,19,1
65.57142857142857,47.714285714285715,55.42857142857143,3.4285714285714284,4.0,0.26499999999999996,29.21285714285714,14.571428571428571,11.899999999999997,52.897942870274775,2014,5.0,3.0,0,0,2,3,0,1,0,1.8549999999999998,19,2
54.57142857142857,42.142857142857146,48.285714285714285,11.714285714285714,1.2857142857142858,0.36,29.32,14.571428571428571,10.985714285714286,63.564763823033026,2014,5.0,3.0,0,0,1,4,1,4,0,2.52,20,1
56.0,44.285714285714285,50.285714285714285,10.571428571428571,1.5714285714285714,0.08142857142857142,29.382857142857144,13.714285714285714,10.842857142857143,65.67996454395406,2014,5.0,3.0,0,0,0,5,0,4,0,0.57,20,2
65.0,47.285714285714285,55.57142857142857,3.0,3.0,0.11928571428571429,29.319999999999997,14.0,7.914285714285714,52.77986977626431,2014,5.0,3.0,0,0,1,3,0,2,1,0.835,21,1
67.14285714285714,49.714285714285715,57.42857142857143,2.0,4.142857142857143,0.09357142857142857,29.38,14.0,7.771428571428571,53.98022782142085,2014,5.0,3.0,0,0,1,1,0,1,1,0.655,21,2
69.85714285714286,54.0,60.57142857142857,0.14285714285714285,5.0,0.034999999999999996,29.314285714285713,13.0,9.114285714285714,57.40899096160877,2014,5.142857142857143,3.0,0,0,0,2,0,2,0,0.245,22,1
72.71428571428571,57.42857142857143,63.142857142857146,0.0,7.714285714285714,0.1807142857142857,29.37,12.714285714285714,9.1,59.510046971300575,2014,5.142857142857143,3.0,0,0,0,2,0,2,1,1.265,22,2
68.0,48.714285714285715,57.57142857142857,0.7142857142857143,3.7142857142857144,0.09142857142857143,29.195714285714285,12.0,9.485714285714286,50.87928813054752,2014,6.0,3.0,0,0,0,4,0,1,0,0.64,23,1
69.85714285714286,51.285714285714285,59.42857142857143,0.2857142857142857,5.142857142857143,0.09285714285714286,29.252857142857142,11.857142857142858,10.37142857142857,52.8615797977213,2014,6.0,3.0,0,0,0,3,0,2,0,0.65,23,2
66.0,49.857142857142854,57.142857142857146,1.0,2.0,0.255,29.16857142857143,19.285714285714285,10.0,57.250845517119636,2014,6.0,3.0,0,0,0,2,2,3,0,1.785,24,1
68.85714285714286,53.285714285714285,59.857142857142854,0.0,3.857142857142857,0.07071428571428572,29.224285714285717,19.857142857142858,9.042857142857143,58.96649384849457,2014,6.0,3.0,0,0,0,2,3,3,1,0.495,24,2
74.57142857142857,62.142857142857146,66.14285714285714,0.0,9.571428571428571,0.32357142857142857,29.222857142857144,18.142857142857142,8.628571428571428,65.92691629566689,2014,6.0,3.0,0,0,2,2,0,5,4,2.265,25,1
76.42857142857143,65.85714285714286,69.42857142857143,0.0,11.428571428571429,0.2785714285714286,29.282857142857143,17.857142857142858,8.857142857142858,70.65917951978885,2014,6.0,3.0,0,0,2,4,0,5,1,1.95,25,2
74.57142857142857,63.0,66.71428571428571,0.0,9.571428571428571,0.07714285714285715,29.227142857142855,17.428571428571427,8.442857142857143,67.33931651027305,2014,6.0,3.0,0,2,1,3,0,4,3,0.54,26,1
76.28571428571429,66.71428571428571,69.57142857142857,0.0,11.285714285714286,0.21857142857142856,29.288571428571426,14.428571428571429,8.342857142857143,72.43259673962223,2014,6.0,3.0,0,0,1,2,0,5,3,1.5299999999999998,26,2
70.42857142857143,56.142857142857146,61.857142857142854,0.2857142857142857,5.714285714285714,0.39999999999999997,29.25142857142857,21.857142857142858,9.885714285714286,61.029715420592844,2014,6.857142857142857,3.0,0,0,1,5,1,1,3,2.8,27,1
72.14285714285714,59.0,64.28571428571429,0.0,7.142857142857143,0.3257142857142857,29.310000000000002,17.571428571428573,10.514285714285716,63.82370158998668,2014,6.857142857142857,3.0,0,0,1,5,3,4,3,2.28,27,2
74.0,58.57142857142857,64.57142857142857,0.0,9.0,0.23714285714285713,29.215714285714288,23.285714285714285,8.428571428571429,58.829202553262014,2014,7.0,3.0,0,0,2,2,0,1,0,1.66,28,1
75.71428571428571,61.42857142857143,67.0,0.0,10.714285714285714,0.6164285714285714,29.27714285714286,18.428571428571427,8.842857142857143,61.622464672907434,2014,7.0,3.0,0,0,2,2,0,1,0,4.315,28,2
67.57142857142857,51.714285714285715,58.857142857142854,0.42857142857142855,3.0,0.03571428571428571,29.287142857142857,17.428571428571427,6.785714285714286,56.864373965167076,2014,7.0,3.0,0,0,0,1,0,0,1,0.25,29,1
69.85714285714286,54.714285714285715,61.142857142857146,0.14285714285714285,5.0,0.06,29.34857142857143,17.714285714285715,6.414285714285714,58.78414847915521,2014,7.0,3.0,0,0,0,1,0,0,0,0.42,29,2
72.14285714285714,57.42857142857143,63.42857142857143,0.0,7.142857142857143,0.005,29.26142857142857,17.714285714285715,10.514285714285714,60.0585768842973,2014,7.0,3.0,0,0,0,1,0,1,1,0.035,30,1
74.71428571428571,61.0,66.14285714285714,0.0,9.714285714285714,0.03357142857142857,29.322857142857142,17.142857142857142,11.042857142857143,62.47891049967258,2014,7.0,3.0,0,0,1,0,0,2,0,0.23500000000000001,30,2
71.28571428571429,53.857142857142854,61.0,0.0,6.285714285714286,0.022857142857142857,29.33142857142857,25.285714285714285,7.728571428571429,54.188262809699104,2014,7.428571428571429,3.0,0,0,0,0,0,0,0,0.16,31,1
72.85714285714286,57.142857142857146,63.142857142857146,0.0,7.857142857142857,0.03,29.392857142857142,20.571428571428573,7.5,57.91633655641438,2014,7.428571428571429,3.0,0,0,1,1,0,1,2,0.21,31,2
73.28571428571429,57.857142857142854,63.714285714285715,0.0,8.285714285714286,0.39499999999999996,29.327142857142857,9.142857142857142,8.214285714285714,58.68140005349853,2014,8.0,3.0,0,0,1,1,0,2,1,2.7649999999999997,32,1
75.28571428571429,61.285714285714285,66.57142857142857,0.0,10.285714285714286,0.27,29.379999999999995,9.0,8.528571428571428,62.0552452747355,2014,8.0,3.0,0,0,1,2,0,2,0,1.8900000000000001,32,2
68.71428571428571,56.142857142857146,61.285714285714285,0.0,3.7142857142857144,0.13214285714285715,29.23285714285714,21.571428571428573,8.371428571428572,64.55337315191578,2014,8.0,3.0,0,0,1,2,1,2,1,0.9249999999999999,33,1
70.0,59.142857142857146,63.42857142857143,0.0,5.0,0.18857142857142856,29.29285714285714,20.714285714285715,8.471428571428572,69.04933690693251,2014,8.0,3.0,0,0,0,2,0,3,0,1.3199999999999998,33,2
76.85714285714286,66.57142857142857,69.85714285714286,0.0,11.857142857142858,0.42714285714285716,29.177142857142858,18.714285714285715,6.571428571428571,70.78475831810627,2014,8.0,3.0,0,0,2,4,0,4,2,2.99,34,1
78.85714285714286,70.14285714285714,72.57142857142857,0.0,13.857142857142858,0.7271428571428571,29.23857142857143,18.714285714285715,7.157142857142857,74.91111143597415,2014,8.0,3.0,0,0,2,3,0,4,1,5.09,34,2
76.85714285714286,63.857142857142854,68.0,0.0,11.857142857142858,0.0692857142857143,29.270000000000003,18.285714285714285,8.242857142857144,64.27707253503011,2014,8.0,3.0,0,0,1,1,0,2,1,0.48500000000000004,35,1
78.71428571428571,67.28571428571429,70.57142857142857,0.0,13.714285714285714,0.11571428571428573,29.33285714285714,15.285714285714286,8.442857142857143,68.08200980214183,2014,8.0,3.0,0,0,1,1,1,0,0,0.81,35,2
73.28571428571429,59.285714285714285,64.71428571428571,0.0,8.285714285714286,0.16142857142857142,29.264285714285716,23.142857142857142,8.628571428571428,61.72791724531238,2014,9.0,3.0,0,0,0,4,0,0,0,1.13,36,1
75.57142857142857,62.714285714285715,67.28571428571429,0.0,10.571428571428571,0.09357142857142857,29.32428571428571,23.142857142857142,9.185714285714285,64.55395747197976,2014,9.0,3.0,0,0,1,2,0,0,0,0.655,36,2
58.857142857142854,48.57142857142857,53.285714285714285,7.571428571428571,1.4285714285714286,0.20714285714285716,29.36714285714286,26.428571428571427,9.271428571428572,68.87322073862303,2014,9.0,3.0,0,0,0,3,0,2,0,1.4500000000000002,37,1
61.285714285714285,51.285714285714285,56.0,6.428571428571429,2.7142857142857144,0.24714285714285716,29.428571428571427,26.142857142857142,9.214285714285714,70.31818923568565,2014,9.0,3.0,0,0,0,3,2,2,0,1.7300000000000002,37,2
61.42857142857143,49.57142857142857,55.0,4.428571428571429,0.8571428571428571,0.018571428571428572,29.311428571428568,21.857142857142858,7.528571428571429,65.36406703479554,2014,9.0,3.0,0,0,0,3,0,2,0,0.13,38,1
62.857142857142854,51.42857142857143,56.42857142857143,3.4285714285714284,1.2857142857142858,0.018571428571428572,29.372857142857146,21.857142857142858,8.071428571428571,66.60889185985582,2014,9.0,3.0,0,0,0,2,1,0,0,0.13,38,2
64.14285714285714,50.285714285714285,56.0,1.4285714285714286,0.5714285714285714,0.0,29.505714285714284,13.428571428571429,4.114285714285715,60.835461647230126,2014,9.0,3.0,0,0,0,0,0,2,1,0.0,39,1
66.42857142857143,52.285714285714285,58.285714285714285,1.1428571428571428,2.5714285714285716,0.0,29.569999999999997,14.428571428571429,4.957142857142856,60.38546971914963,2014,9.0,3.0,0,0,0,0,0,1,0,0.0,39,2
55.714285714285715,46.57142857142857,50.857142857142854,10.142857142857142,0.8571428571428571,0.15500000000000003,29.10285714285714,20.714285714285715,10.885714285714286,71.60291960428934,2014,9.714285714285714,3.0,0,0,1,5,2,4,0,1.0850000000000002,40,1
58.57142857142857,48.285714285714285,53.142857142857146,8.142857142857142,1.7142857142857142,0.26285714285714284,29.16857142857143,20.285714285714285,10.857142857142858,68.87409935227461,2014,9.714285714285714,3.0,0,0,1,6,2,3,1,1.84,40,2
52.142857142857146,37.857142857142854,45.42857142857143,12.857142857142858,0.0,0.0035714285714285718,29.240000000000002,19.571428571428573,8.457142857142857,58.63284013181657,2014,10.0,3.0,0,0,0,1,1,1,0,0.025,41,1
55.285714285714285,39.57142857142857,47.42857142857143,9.714285714285714,0.0,0.002857142857142857,29.302857142857142,14.285714285714286,8.5,55.91208564208567,2014,10.0,3.0,0,0,0,1,1,1,0,0.02,41,2
52.714285714285715,48.142857142857146,50.714285714285715,12.285714285714286,0.0,0.19428571428571426,29.080000000000002,23.857142857142858,9.6,84.58003477055156,2014,10.0,3.0,0,0,0,4,5,4,0,1.3599999999999999,42,1
55.285714285714285,50.42857142857143,52.714285714285715,9.714285714285714,0.0,0.2464285714285714,29.141428571428573,24.285714285714285,9.428571428571429,83.76368787555238,2014,10.0,3.0,0,0,0,4,3,4,1,1.7249999999999999,42,2
53.285714285714285,39.857142857142854,46.857142857142854,11.714285714285714,0.0,0.0014285714285714286,29.321428571428573,16.571428571428573,7.971428571428571,61.33908833102033,2014,10.0,3.0,0,0,0,0,0,2,0,0.01,43,1
56.0,41.142857142857146,48.285714285714285,9.0,0.0,0.0007142857142857143,29.382857142857144,22.714285714285715,7.97142857142857,58.21464361981326,2014,10.0,3.0,0,0,0,0,0,2,1,0.005,43,2
49.2,36.0,43.6,15.8,0.0,0.006999999999999999,29.252000000000002,26.4,13.36,60.785795331282145,2014,10.0,2.0,0,0,0,1,0,0,0,0.034999999999999996,44,1
51.2,38.0,45.4,14.2,0.4,0.019,29.32,26.2,13.260000000000002,60.76717030369224,2014,10.0,2.0,0,0,0,4,0,1,0,0.095,44,2
